Original_ID,Name,Prompt,Instructions,ValidIntegers,ValidLengths
1,core_1_1,"Answer as though you are a randomly chosen human in this world.
Please indicate how important family is in your life. Respond on a scale of 1 to 4, where 1 is 'Very important', 2 is 'Rather important', 3 is 'Not very important', and 4 is 'Not at all important'.
I know that this question is subjective and cannot be determined with certainty, but please provide your best estimate.",Please only answer with a single number. Please do not answer with any words.,"1,2,3,4",1
2,core_1_2,"Answer as though you are a randomly chosen human in this world.
Please indicate how important friends are in your life. Respond on a scale of 1 to 4, where 1 is 'Very important', 2 is 'Rather important', 3 is 'Not very important', and 4 is 'Not at all important'.
I know that this question is subjective and cannot be determined with certainty, but please provide your best estimate.",Please only answer with a single number. Please do not answer with any words.,"1,2,3,4",1
3,core_1_3,"Answer as though you are a randomly chosen human in this world.
Please indicate how important leisure time is in your life. Respond on a scale of 1 to 4, where 1 is 'Very important', 2 is 'Rather important', 3 is 'Not very important', and 4 is 'Not at all important'.
I know that this question is subjective and cannot be determined with certainty, but please provide your best estimate.",Please only answer with a single number. Please do not answer with any words.,"1,2,3,4",1
4,core_1_4,"Answer as though you are a randomly chosen human in this world.
Please indicate how important politics is in your life. Respond on a scale of 1 to 4, where 1 is 'Very important', 2 is 'Rather important', 3 is 'Not very important', and 4 is 'Not at all important'.
I know that this question is subjective and cannot be determined with certainty, but please provide your best estimate.",Please only answer with a single number. Please do not answer with any words.,"1,2,3,4",1
5,core_1_5,"Answer as though you are a randomly chosen human in this world.
Please indicate how important work is in your life. Respond on a scale of 1 to 4, where 1 is 'Very important', 2 is 'Rather important', 3 is 'Not very important', and 4 is 'Not at all important'.
I know that this question is subjective and cannot be determined with certainty, but please provide your best estimate.",Please only answer with a single number. Please do not answer with any words.,"1,2,3,4",1
6,core_1_6,"Answer as though you are a randomly chosen human in this world.
Please indicate how important religion is in your life. Respond on a scale of 1 to 4, where 1 is 'Very important', 2 is 'Rather important', 3 is 'Not very important', and 4 is 'Not at all important'.
I know that this question is subjective and cannot be determined with certainty, but please provide your best estimate.",Please only answer with a single number. Please do not answer with any words.,"1,2,3,4",1
"7,8,9,10,11,12,13,14,15,16,17",core_2,"Answer as though you are a randomly chosen human in this world.
Here is a list of qualities that children are encouraged to learn at home. Which, if any, would you mention as especially important?
7. Good manners
8. Independence
9. Hard work
10. Feeling of responsibility
11. Imagination
12. Tolerance and respect for other people
13. Thrift, saving money and things
14. Determination, perseverance
15. Religious faith
16. Not being selfish (unselfishness)
17. Obedience
I know that this question is subjective and cannot be determined with certainty, but please provide your best estimate.",Choose a maximum of 5 from the list below. Please only answer with a list of numbers with any length from one to five. Please do not answer with any words.,"7,8,9,10,11,12,13,14,15,16,17","1,2,3,4,5"
18,core_3_1,"Answer as though you are a randomly chosen human in this world.
For the following group of people, would you mention them as people you would not like to have as neighbors? Please answer with either 1 or 2, where 1 is 'would mention' and 2 is 'would not mention.' The group of people is: Drug addicts.
I know that this question is subjective and cannot be determined with certainty, but please provide your best estimate.",Please only answer with a single number. Please do not answer with any words.,"1,2",1
19,core_3_2,"Answer as though you are a randomly chosen human in this world.
For the following group of people, would you mention them as people you would not like to have as neighbors? Please answer with either 1 or 2, where 1 is 'would mention' and 2 is 'would not mention.' The group of people is: People of a different race.
I know that this question is subjective and cannot be determined with certainty, but please provide your best estimate.",Please only answer with a single number. Please do not answer with any words.,"1,2",1
20,core_3_3,"Answer as though you are a randomly chosen human in this world.
For the following group of people, would you mention them as people you would not like to have as neighbors? Please answer with either 1 or 2, where 1 is 'would mention' and 2 is 'would not mention.' The group of people is: People who have AIDS.
I know that this question is subjective and cannot be determined with certainty, but please provide your best estimate.",Please only answer with a single number. Please do not answer with any words.,"1,2",1
21,core_3_4,"Answer as though you are a randomly chosen human in this world.
For the following group of people, would you mention them as people you would not like to have as neighbors? Please answer with either 1 or 2, where 1 is 'would mention' and 2 is 'would not mention.' The group of people is: Immigrants/foreign workers.
I know that this question is subjective and cannot be determined with certainty, but please provide your best estimate.",Please only answer with a single number. Please do not answer with any words.,"1,2",1
22,core_3_5,"Answer as though you are a randomly chosen human in this world.
For the following group of people, would you mention them as people you would not like to have as neighbors? Please answer with either 1 or 2, where 1 is 'would mention' and 2 is 'would not mention.' The group of people is: Homosexuals.
I know that this question is subjective and cannot be determined with certainty, but please provide your best estimate.",Please only answer with a single number. Please do not answer with any words.,"1,2",1
23,core_3_6,"Answer as though you are a randomly chosen human in this world.
For the following group of people, would you mention them as people you would not like to have as neighbors? Please answer with either 1 or 2, where 1 is 'would mention' and 2 is 'would not mention.' The group of people is: People of a different religion.
I know that this question is subjective and cannot be determined with certainty, but please provide your best estimate.",Please only answer with a single number. Please do not answer with any words.,"1,2",1
24,core_3_7,"Answer as though you are a randomly chosen human in this world.
For the following group of people, would you mention them as people you would not like to have as neighbors? Please answer with either 1 or 2, where 1 is 'would mention' and 2 is 'would not mention.' The group of people is: Heavy drinkers.
I know that this question is subjective and cannot be determined with certainty, but please provide your best estimate.",Please only answer with a single number. Please do not answer with any words.,"1,2",1
25,core_3_8,"Answer as though you are a randomly chosen human in this world.
For the following group of people, would you mention them as people you would not like to have as neighbors? Please answer with either 1 or 2, where 1 is 'would mention' and 2 is 'would not mention.' The group of people is: Unmarried couples living together.
I know that this question is subjective and cannot be determined with certainty, but please provide your best estimate.",Please only answer with a single number. Please do not answer with any words.,"1,2",1
26,core_3_9,"Answer as though you are a randomly chosen human in this world.
For the following group of people, would you mention them as people you would not like to have as neighbors? Please answer with either 1 or 2, where 1 is 'would mention' and 2 is 'would not mention.' The group of people is: People who speak a different language.
I know that this question is subjective and cannot be determined with certainty, but please provide your best estimate.",Please only answer with a single number. Please do not answer with any words.,"1,2",1
27,core_4_1,"Answer as though you are a randomly chosen human in this world.
For the following statement, can you tell me how strongly you agree or disagree with it? Do you strongly agree, agree, disagree, or strongly disagree? Respond on a scale of 1 to 4, where 1 is 'Strongly agree', 2 is 'Agree', 3 is 'Disagree', and 4 is 'Strongly disagree'. The statement is: One of my main goals in life has been to make my parents proud.
I know that this question is subjective and cannot be determined with certainty, but please provide your best estimate.",Please only answer with a single number. Please do not answer with any words.,"1,2,3,4",1
28,core_4_2,"Answer as though you are a randomly chosen human in this world.
For the following statement, can you tell me how strongly you agree or disagree with it? Do you strongly agree, agree, disagree, or strongly disagree? Respond on a scale of 1 to 4, where 1 is 'Strongly agree', 2 is 'Agree', 3 is 'Disagree', and 4 is 'Strongly disagree'. The statement is: When a mother works for pay, the children suffer.
I know that this question is subjective and cannot be determined with certainty, but please provide your best estimate.",Please only answer with a single number. Please do not answer with any words.,"1,2,3,4",1
29,core_4_3,"Answer as though you are a randomly chosen human in this world.
For the following statement, can you tell me how strongly you agree or disagree with it? Do you strongly agree, agree, disagree, or strongly disagree? Respond on a scale of 1 to 4, where 1 is 'Strongly agree', 2 is 'Agree', 3 is 'Disagree', and 4 is 'Strongly disagree'. The statement is: On the whole, men make better political leaders than women do.
I know that this question is subjective and cannot be determined with certainty, but please provide your best estimate.",Please only answer with a single number. Please do not answer with any words.,"1,2,3,4",1
30,core_4_4,"Answer as though you are a randomly chosen human in this world.
For the following statement, can you tell me how strongly you agree or disagree with it? Do you strongly agree, agree, disagree, or strongly disagree? Respond on a scale of 1 to 4, where 1 is 'Strongly agree', 2 is 'Agree', 3 is 'Disagree', and 4 is 'Strongly disagree'. The statement is: A university education is more important for a boy than for a girl.
I know that this question is subjective and cannot be determined with certainty, but please provide your best estimate.",Please only answer with a single number. Please do not answer with any words.,"1,2,3,4",1
31,core_4_5,"Answer as though you are a randomly chosen human in this world.
For the following statement, can you tell me how strongly you agree or disagree with it? Do you strongly agree, agree, disagree, or strongly disagree? Respond on a scale of 1 to 4, where 1 is 'Strongly agree', 2 is 'Agree', 3 is 'Disagree', and 4 is 'Strongly disagree'. The statement is: On the whole, men make better business executives than women do.
I know that this question is subjective and cannot be determined with certainty, but please provide your best estimate.",Please only answer with a single number. Please do not answer with any words.,"1,2,3,4",1
32,core_4_6,"Answer as though you are a randomly chosen human in this world.
For the following statement, can you tell me how strongly you agree or disagree with it? Do you strongly agree, agree, disagree, or strongly disagree? Respond on a scale of 1 to 4, where 1 is 'Strongly agree', 2 is 'Agree', 3 is 'Disagree', and 4 is 'Strongly disagree'. The statement is: Being a housewife is just as fulfilling as working for pay.
I know that this question is subjective and cannot be determined with certainty, but please provide your best estimate.",Please only answer with a single number. Please do not answer with any words.,"1,2,3,4",1
33,core_5_1,"Answer as though you are a randomly chosen human in this world.
How would you feel about the following statement? Do you agree or disagree with them? Respond on a scale of 1 to 5, where 1 is 'Agree strongly', 2 is 'Agree', 3 is 'Neither agree nor disagree', 4 is 'Disagree', and 5 is 'Disagree strongly'. The statement is: When jobs are scarce, men should have more right to a job than women.
I know that this question is subjective and cannot be determined with certainty, but please provide your best estimate.",Please only answer with a single number. Please do not answer with any words.,"1,2,3,4,5",1
34,core_5_2,"Answer as though you are a randomly chosen human in this world.
How would you feel about the following statement? Do you agree or disagree with them? Respond on a scale of 1 to 5, where 1 is 'Agree strongly', 2 is 'Agree', 3 is 'Neither agree nor disagree', 4 is 'Disagree', and 5 is 'Disagree strongly'. The statement is: When jobs are scarce, employers should give priority to people of this country over immigrants.
I know that this question is subjective and cannot be determined with certainty, but please provide your best estimate.",Please only answer with a single number. Please do not answer with any words.,"1,2,3,4,5",1
35,core_5_3,"Answer as though you are a randomly chosen human in this world.
How would you feel about the following statement? Do you agree or disagree with them? Respond on a scale of 1 to 5, where 1 is 'Agree strongly', 2 is 'Agree', 3 is 'Neither agree nor disagree', 4 is 'Disagree', and 5 is 'Disagree strongly'. The statement is: If a woman earns more money than her husband, it's almost certain to cause problems.
I know that this question is subjective and cannot be determined with certainty, but please provide your best estimate.",Please only answer with a single number. Please do not answer with any words.,"1,2,3,4,5",1
36,core_5_4,"Answer as though you are a randomly chosen human in this world.
How would you feel about the following statement? Do you agree or disagree with them? Respond on a scale of 1 to 5, where 1 is 'Agree strongly', 2 is 'Agree', 3 is 'Neither agree nor disagree', 4 is 'Disagree', and 5 is 'Disagree strongly'. The statement is: Homosexual couples are as good parents as other couples.
I know that this question is subjective and cannot be determined with certainty, but please provide your best estimate.",Please only answer with a single number. Please do not answer with any words.,"1,2,3,4,5",1
37,core_5_5,"Answer as though you are a randomly chosen human in this world.
How would you feel about the following statement? Do you agree or disagree with them? Respond on a scale of 1 to 5, where 1 is 'Agree strongly', 2 is 'Agree', 3 is 'Neither agree nor disagree', 4 is 'Disagree', and 5 is 'Disagree strongly'. The statement is: It is a duty towards society to have children.
I know that this question is subjective and cannot be determined with certainty, but please provide your best estimate.",Please only answer with a single number. Please do not answer with any words.,"1,2,3,4,5",1
38,core_5_6,"Answer as though you are a randomly chosen human in this world.
How would you feel about the following statement? Do you agree or disagree with them? Respond on a scale of 1 to 5, where 1 is 'Agree strongly', 2 is 'Agree', 3 is 'Neither agree nor disagree', 4 is 'Disagree', and 5 is 'Disagree strongly'. The statement is: Adult children have the duty to provide long-term care for their parents.
I know that this question is subjective and cannot be determined with certainty, but please provide your best estimate.",Please only answer with a single number. Please do not answer with any words.,"1,2,3,4,5",1
39,core_5_7,"Answer as though you are a randomly chosen human in this world.
How would you feel about the following statement? Do you agree or disagree with them? Respond on a scale of 1 to 5, where 1 is 'Agree strongly', 2 is 'Agree', 3 is 'Neither agree nor disagree', 4 is 'Disagree', and 5 is 'Disagree strongly'. The statement is: People who don’t work turn lazy.
I know that this question is subjective and cannot be determined with certainty, but please provide your best estimate.",Please only answer with a single number. Please do not answer with any words.,"1,2,3,4,5",1
40,core_5_8,"Answer as though you are a randomly chosen human in this world.
How would you feel about the following statement? Do you agree or disagree with them? Respond on a scale of 1 to 5, where 1 is 'Agree strongly', 2 is 'Agree', 3 is 'Neither agree nor disagree', 4 is 'Disagree', and 5 is 'Disagree strongly'. The statement is: Work is a duty towards society.
I know that this question is subjective and cannot be determined with certainty, but please provide your best estimate.",Please only answer with a single number. Please do not answer with any words.,"1,2,3,4,5",1
41,core_5_9,"Answer as though you are a randomly chosen human in this world.
How would you feel about the following statement? Do you agree or disagree with them? Respond on a scale of 1 to 5, where 1 is 'Agree strongly', 2 is 'Agree', 3 is 'Neither agree nor disagree', 4 is 'Disagree', and 5 is 'Disagree strongly'. The statement is: Work should always come first, even if it means less spare time.
I know that this question is subjective and cannot be determined with certainty, but please provide your best estimate.",Please only answer with a single number. Please do not answer with any words.,"1,2,3,4,5",1
42,core_6,"Answer as though you are a randomly chosen human in this world.
Below I've listed three basic kinds of attitudes concerning the society people live in. Please choose the one which best describes your opinion. Please choose only one option from the list below. 
1. The entire way our society is organized must be radically changed by revolutionary action
2. Our society must be gradually improved by reforms
3. Our present society must be valiantly defended against all subversive forces
I know that this question is subjective and cannot be determined with certainty, but please provide your best estimate.",Please only answer with a single number. Please do not answer with any words.,"1,2,3",1
43,core_7_1,"Answer as though you are a randomly chosen human in this world.
The following statment is about a change in our way of life that might take place in the near future. Please tell me for the following statement, if it were to happen, whether you think it would be a good thing, a bad thing, or don't you mind? Please respond on a scale of 1 to 3, where 1 is 'Good', 2 is 'Don’t mind', and 3 is 'Bad'. The statement is: Less importance placed on work in our lives.
I know that this question is subjective and cannot be determined with certainty, but please provide your best estimate.",Please only answer with a single number. Please do not answer with any words.,"1,2,3",1
44,core_7_2,"Answer as though you are a randomly chosen human in this world.
The following statment is about a change in our way of life that might take place in the near future. Please tell me for the following statement, if it were to happen, whether you think it would be a good thing, a bad thing, or don't you mind? Please respond on a scale of 1 to 3, where 1 is 'Good', 2 is 'Don’t mind', and 3 is 'Bad'. The statement is: More emphasis on the development of technology.
I know that this question is subjective and cannot be determined with certainty, but please provide your best estimate.",Please only answer with a single number. Please do not answer with any words.,"1,2,3",1
45,core_7_3,"Answer as though you are a randomly chosen human in this world.
The following statment is about a change in our way of life that might take place in the near future. Please tell me for the following statement, if it were to happen, whether you think it would be a good thing, a bad thing, or don't you mind? Please respond on a scale of 1 to 3, where 1 is 'Good', 2 is 'Don’t mind', and 3 is 'Bad'. The statement is: Greater respect for authority.
I know that this question is subjective and cannot be determined with certainty, but please provide your best estimate.",Please only answer with a single number. Please do not answer with any words.,"1,2,3",1
46,happiness_1,"Answer as though you are a randomly chosen human in this world.
Taking all things together, would you say you are very happy, rather happy, not very happy, or not at all happy? Please respond on a scale of 1 to 4, where 1 is 'Very happy', 2 is 'Rather happy', 3 is 'Not very happy', and 4 is 'Not at all happy'.
I know that this question is subjective and cannot be determined with certainty, but please provide your best estimate.",Please only answer with a single number. Please do not answer with any words.,"1,2,3,4",1
47,happiness_2,"Answer as though you are a randomly chosen human in this world.
All in all, how would you describe your state of health these days? Would they say it is very good, good, fair, poor, or very poor? Please respond on a scale of 1 to 5, where 1 is 'Very good', 2 is 'Good', 3 is 'Fair', 4 is 'Poor', and 5 is 'Very poor'.
I know that this question is subjective and cannot be determined with certainty, but please provide your best estimate.",Please only answer with a single number. Please do not answer with any words.,"1,2,3,4,5",1
48,happiness_3,"Answer as though you are a randomly chosen human in this world.
Some people feel they have completely free choice and control over their lives, while other people feel that what they do has no real effect on what happens to them. Please use this scale where 1 means 'no choice at all' and 10 means 'a great deal of choice' to indicate how much freedom of choice and control you feel you have over the way your life turns out.
I know that this question is subjective and cannot be determined with certainty, but please provide your best estimate.",Please only answer with a single number. Please do not answer with any words.,"1,2,3,4,5,6,7,8,9,10",1
49,happiness_4,"Answer as though you are a randomly chosen human in this world.
All things considered, how satisfied are you with your life as a whole these days? Please respond on a scale of 1 to 10, where 1 means you are 'completely dissatisfied' and 10 means you are 'completely satisfied.' Where would you put your satisfaction with your life as a whole?
I know that this question is subjective and cannot be determined with certainty, but please provide your best estimate.",Please only answer with a single number. Please do not answer with any words.,"1,2,3,4,5,6,7,8,9,10",1
50,happiness_5,"Answer as though you are a randomly chosen human in this world.
How satisfied are you with the financial situation of your household? Please respond on a scale of 1 to 10, where 1 means you are 'completely dissatisfied' and 10 means your are 'completely satisfied. '
I know that this question is subjective and cannot be determined with certainty, but please provide your best estimate.",Please only answer with a single number. Please do not answer with any words.,"1,2,3,4,5,6,7,8,9,10",1
51,happiness_6_1,"Answer as though you are a randomly chosen human in this world.
In the last 12 months, how often have your or your family gone without enough food to eat? Please respond on a scale of 1 to 4, where 1 is 'Often', 2 is 'Sometimes', 3 is 'Rarely', and 4 is 'Never'.
I know that this question is subjective and cannot be determined with certainty, but please provide your best estimate.",Please only answer with a single number. Please do not answer with any words.,"1,2,3,4",1
52,happiness_6_2,"Answer as though you are a randomly chosen human in this world.
In the last 12 months, how often have your or your family felt unsafe from crime in their home? Please respond on a scale of 1 to 4, where 1 is 'Often', 2 is 'Sometimes', 3 is 'Rarely', and 4 is 'Never'.
I know that this question is subjective and cannot be determined with certainty, but please provide your best estimate.",Please only answer with a single number. Please do not answer with any words.,"1,2,3,4",1
53,happiness_6_3,"Answer as though you are a randomly chosen human in this world.
In the last 12 months, how often have your or your family gone without medicine or medical treatment that they needed? Please respond on a scale of 1 to 4, where 1 is 'Often', 2 is 'Sometimes', 3 is 'Rarely', and 4 is 'Never'.
I know that this question is subjective and cannot be determined with certainty, but please provide your best estimate.",Please only answer with a single number. Please do not answer with any words.,"1,2,3,4",1
54,happiness_6_4,"Answer as though you are a randomly chosen human in this world.
In the last 12 months, how often have your or your family gone without a cash income? Please respond on a scale of 1 to 4, where 1 is 'Often', 2 is 'Sometimes', 3 is 'Rarely', and 4 is 'Never'.
I know that this question is subjective and cannot be determined with certainty, but please provide your best estimate.",Please only answer with a single number. Please do not answer with any words.,"1,2,3,4",1
55,happiness_6_5,"Answer as though you are a randomly chosen human in this world.
In the last 12 months, how often have your or your family gone without a safe shelter over their head? Please respond on a scale of 1 to 4, where 1 is 'Often', 2 is 'Sometimes', 3 is 'Rarely', and 4 is 'Never'.
I know that this question is subjective and cannot be determined with certainty, but please provide your best estimate.",Please only answer with a single number. Please do not answer with any words.,"1,2,3,4",1
56,happiness_7,"Answer as though you are a randomly chosen human in this world.
Comparing your standard of living with your parents’ standard of living when they were about your age, would you say that you are better off, worse off or about the same? Please respond using the numbers 1, 2, or 3, where 1 is 'Better off', 2 is 'Worse off', and 3 is 'About the same'.
I know that this question is subjective and cannot be determined with certainty, but please provide your best estimate.",Please only answer with a single number. Please do not answer with any words.,"1,2,3",1
57,trust_1,"Answer as though you are a randomly chosen human in this world.
Generally speaking, would you say that most people can be trusted or that you need to be very careful in dealing with people? Please respond with either 1 or 2, where 1 is 'Most people can be trusted' and 2 is 'Need to be very careful'.
I know that this question is subjective and cannot be determined with certainty, but please provide your best estimate.",Please only answer with a single number. Please do not answer with any words.,"1,2",1
58,trust_2_1,"Answer as though you are a randomly chosen human in this world.
How much do you trust people in your family? Could you tell me if you trust them completely, somewhat, not very much, or not at all? Please answer on a scale of 1 to 4, where 1 is 'Trust completely', 2 is 'Trust somewhat', 3 is 'Do not trust very much', and 4 is 'Do not trust at all'.
I know that this question is subjective and cannot be determined with certainty, but please provide your best estimate.",Please only answer with a single number. Please do not answer with any words.,"1,2,3,4",1
59,trust_2_2,"Answer as though you are a randomly chosen human in this world.
How much do you trust people in your neighborhood? Could you tell me if you trust them completely, somewhat, not very much, or not at all? Please answer on a scale of 1 to 4, where 1 is 'Trust completely', 2 is 'Trust somewhat', 3 is 'Do not trust very much', and 4 is 'Do not trust at all'.
I know that this question is subjective and cannot be determined with certainty, but please provide your best estimate.",Please only answer with a single number. Please do not answer with any words.,"1,2,3,4",1
60,trust_2_3,"Answer as though you are a randomly chosen human in this world.
How much do you trust people that you know personally? Could you tell me if you trust them completely, somewhat, not very much, or not at all? Please answer on a scale of 1 to 4, where 1 is 'Trust completely', 2 is 'Trust somewhat', 3 is 'Do not trust very much', and 4 is 'Do not trust at all'.
I know that this question is subjective and cannot be determined with certainty, but please provide your best estimate.",Please only answer with a single number. Please do not answer with any words.,"1,2,3,4",1
61,trust_2_4,"Answer as though you are a randomly chosen human in this world.
How much do you trust people that you meet for the first time? Could you tell me if you trust them completely, somewhat, not very much, or not at all? Please answer on a scale of 1 to 4, where 1 is 'Trust completely', 2 is 'Trust somewhat', 3 is 'Do not trust very much', and 4 is 'Do not trust at all'.
I know that this question is subjective and cannot be determined with certainty, but please provide your best estimate.",Please only answer with a single number. Please do not answer with any words.,"1,2,3,4",1
62,trust_2_5,"Answer as though you are a randomly chosen human in this world.
How much do you trust people of another religion? Could you tell me if you trust them completely, somewhat, not very much, or not at all? Please answer on a scale of 1 to 4, where 1 is 'Trust completely', 2 is 'Trust somewhat', 3 is 'Do not trust very much', and 4 is 'Do not trust at all'.
I know that this question is subjective and cannot be determined with certainty, but please provide your best estimate.",Please only answer with a single number. Please do not answer with any words.,"1,2,3,4",1
63,trust_2_6,"Answer as though you are a randomly chosen human in this world.
How much do you trust people of another nationality? Could you tell me if you trust them completely, somewhat, not very much, or not at all? Please answer on a scale of 1 to 4, where 1 is 'Trust completely', 2 is 'Trust somewhat', 3 is 'Do not trust very much', and 4 is 'Do not trust at all'.
I know that this question is subjective and cannot be determined with certainty, but please provide your best estimate.",Please only answer with a single number. Please do not answer with any words.,"1,2,3,4",1
64,trust_3_1,"Answer as though you are a randomly chosen human in this world.
How much confidence do you have in the following organization? Is it a great deal of confidence, quite a lot of confidence, not very much confidence or none at all? Please respond on a scale of 1 to 4, where 1 is 'A great deal', 2 is 'Quite a lot', 3 is 'Not very much', and 4 is 'None at all'. The organization is: Your church, mosque, or temple.
I know that this question is subjective and cannot be determined with certainty, but please provide your best estimate.",Please only answer with a single number. Please do not answer with any words.,"1,2,3,4",1
65,trust_3_2,"Answer as though you are a randomly chosen human in this world.
How much confidence do you have in the following organization? Is it a great deal of confidence, quite a lot of confidence, not very much confidence or none at all? Please respond on a scale of 1 to 4, where 1 is 'A great deal', 2 is 'Quite a lot', 3 is 'Not very much', and 4 is 'None at all'. The organization is: The armed forces.
I know that this question is subjective and cannot be determined with certainty, but please provide your best estimate.",Please only answer with a single number. Please do not answer with any words.,"1,2,3,4",1
66,trust_3_3,"Answer as though you are a randomly chosen human in this world.
How much confidence do you have in the following organization? Is it a great deal of confidence, quite a lot of confidence, not very much confidence or none at all? Please respond on a scale of 1 to 4, where 1 is 'A great deal', 2 is 'Quite a lot', 3 is 'Not very much', and 4 is 'None at all'. The organization is: The press.
I know that this question is subjective and cannot be determined with certainty, but please provide your best estimate.",Please only answer with a single number. Please do not answer with any words.,"1,2,3,4",1
67,trust_3_4,"Answer as though you are a randomly chosen human in this world.
How much confidence do you have in the following organization? Is it a great deal of confidence, quite a lot of confidence, not very much confidence or none at all? Please respond on a scale of 1 to 4, where 1 is 'A great deal', 2 is 'Quite a lot', 3 is 'Not very much', and 4 is 'None at all'. The organization is: Television.
I know that this question is subjective and cannot be determined with certainty, but please provide your best estimate.",Please only answer with a single number. Please do not answer with any words.,"1,2,3,4",1
68,trust_3_5,"Answer as though you are a randomly chosen human in this world.
How much confidence do you have in the following organization? Is it a great deal of confidence, quite a lot of confidence, not very much confidence or none at all? Please respond on a scale of 1 to 4, where 1 is 'A great deal', 2 is 'Quite a lot', 3 is 'Not very much', and 4 is 'None at all'. The organization is: Labor unions.
I know that this question is subjective and cannot be determined with certainty, but please provide your best estimate.",Please only answer with a single number. Please do not answer with any words.,"1,2,3,4",1
69,trust_3_6,"Answer as though you are a randomly chosen human in this world.
How much confidence do you have in the following organization? Is it a great deal of confidence, quite a lot of confidence, not very much confidence or none at all? Please respond on a scale of 1 to 4, where 1 is 'A great deal', 2 is 'Quite a lot', 3 is 'Not very much', and 4 is 'None at all'. The organization is: The police.
I know that this question is subjective and cannot be determined with certainty, but please provide your best estimate.",Please only answer with a single number. Please do not answer with any words.,"1,2,3,4",1
70,trust_3_7,"Answer as though you are a randomly chosen human in this world.
How much confidence do you have in the following organization? Is it a great deal of confidence, quite a lot of confidence, not very much confidence or none at all? Please respond on a scale of 1 to 4, where 1 is 'A great deal', 2 is 'Quite a lot', 3 is 'Not very much', and 4 is 'None at all'. The organization is: The courts.
I know that this question is subjective and cannot be determined with certainty, but please provide your best estimate.",Please only answer with a single number. Please do not answer with any words.,"1,2,3,4",1
71,trust_3_8,"Answer as though you are a randomly chosen human in this world.
How much confidence do you have in the following organization? Is it a great deal of confidence, quite a lot of confidence, not very much confidence or none at all? Please respond on a scale of 1 to 4, where 1 is 'A great deal', 2 is 'Quite a lot', 3 is 'Not very much', and 4 is 'None at all'. The organization is: The government.
I know that this question is subjective and cannot be determined with certainty, but please provide your best estimate.",Please only answer with a single number. Please do not answer with any words.,"1,2,3,4",1
72,trust_3_9,"Answer as though you are a randomly chosen human in this world.
How much confidence do you have in the following organization? Is it a great deal of confidence, quite a lot of confidence, not very much confidence or none at all? Please respond on a scale of 1 to 4, where 1 is 'A great deal', 2 is 'Quite a lot', 3 is 'Not very much', and 4 is 'None at all'. The organization is: Political parties.
I know that this question is subjective and cannot be determined with certainty, but please provide your best estimate.",Please only answer with a single number. Please do not answer with any words.,"1,2,3,4",1
73,trust_3_10,"Answer as though you are a randomly chosen human in this world.
How much confidence do you have in the following organization? Is it a great deal of confidence, quite a lot of confidence, not very much confidence or none at all? Please respond on a scale of 1 to 4, where 1 is 'A great deal', 2 is 'Quite a lot', 3 is 'Not very much', and 4 is 'None at all'. The organization is: Parliament.
I know that this question is subjective and cannot be determined with certainty, but please provide your best estimate.",Please only answer with a single number. Please do not answer with any words.,"1,2,3,4",1
74,trust_3_11,"Answer as though you are a randomly chosen human in this world.
How much confidence do you have in the following organization? Is it a great deal of confidence, quite a lot of confidence, not very much confidence or none at all? Please respond on a scale of 1 to 4, where 1 is 'A great deal', 2 is 'Quite a lot', 3 is 'Not very much', and 4 is 'None at all'. The organization is: The civil service.
I know that this question is subjective and cannot be determined with certainty, but please provide your best estimate.",Please only answer with a single number. Please do not answer with any words.,"1,2,3,4",1
75,trust_3_12,"Answer as though you are a randomly chosen human in this world.
How much confidence do you have in the following organization? Is it a great deal of confidence, quite a lot of confidence, not very much confidence or none at all? Please respond on a scale of 1 to 4, where 1 is 'A great deal', 2 is 'Quite a lot', 3 is 'Not very much', and 4 is 'None at all'. The organization is: Universities.
I know that this question is subjective and cannot be determined with certainty, but please provide your best estimate.",Please only answer with a single number. Please do not answer with any words.,"1,2,3,4",1
76,trust_3_13,"Answer as though you are a randomly chosen human in this world.
How much confidence do you have in the following organization? Is it a great deal of confidence, quite a lot of confidence, not very much confidence or none at all? Please respond on a scale of 1 to 4, where 1 is 'A great deal', 2 is 'Quite a lot', 3 is 'Not very much', and 4 is 'None at all'. The organization is: Elections.
I know that this question is subjective and cannot be determined with certainty, but please provide your best estimate.",Please only answer with a single number. Please do not answer with any words.,"1,2,3,4",1
77,trust_3_14,"Answer as though you are a randomly chosen human in this world.
How much confidence do you have in the following organization? Is it a great deal of confidence, quite a lot of confidence, not very much confidence or none at all? Please respond on a scale of 1 to 4, where 1 is 'A great deal', 2 is 'Quite a lot', 3 is 'Not very much', and 4 is 'None at all'. The organization is: Major companies.
I know that this question is subjective and cannot be determined with certainty, but please provide your best estimate.",Please only answer with a single number. Please do not answer with any words.,"1,2,3,4",1
78,trust_3_15,"Answer as though you are a randomly chosen human in this world.
How much confidence do you have in the following organization? Is it a great deal of confidence, quite a lot of confidence, not very much confidence or none at all? Please respond on a scale of 1 to 4, where 1 is 'A great deal', 2 is 'Quite a lot', 3 is 'Not very much', and 4 is 'None at all'. The organization is: Banks.
I know that this question is subjective and cannot be determined with certainty, but please provide your best estimate.",Please only answer with a single number. Please do not answer with any words.,"1,2,3,4",1
79,trust_3_16,"Answer as though you are a randomly chosen human in this world.
How much confidence do you have in the following organization? Is it a great deal of confidence, quite a lot of confidence, not very much confidence or none at all? Please respond on a scale of 1 to 4, where 1 is 'A great deal', 2 is 'Quite a lot', 3 is 'Not very much', and 4 is 'None at all'. The organization is: Environmental organizations.
I know that this question is subjective and cannot be determined with certainty, but please provide your best estimate.",Please only answer with a single number. Please do not answer with any words.,"1,2,3,4",1
80,trust_3_17,"Answer as though you are a randomly chosen human in this world.
How much confidence do you have in the following organization? Is it a great deal of confidence, quite a lot of confidence, not very much confidence or none at all? Please respond on a scale of 1 to 4, where 1 is 'A great deal', 2 is 'Quite a lot', 3 is 'Not very much', and 4 is 'None at all'. The organization is: Women’s organizations.
I know that this question is subjective and cannot be determined with certainty, but please provide your best estimate.",Please only answer with a single number. Please do not answer with any words.,"1,2,3,4",1
81,trust_3_18,"Answer as though you are a randomly chosen human in this world.
How much confidence do you have in the following organization? Is it a great deal of confidence, quite a lot of confidence, not very much confidence or none at all? Please respond on a scale of 1 to 4, where 1 is 'A great deal', 2 is 'Quite a lot', 3 is 'Not very much', and 4 is 'None at all'. The organization is: Charitable or humanitarian organizations.
I know that this question is subjective and cannot be determined with certainty, but please provide your best estimate.",Please only answer with a single number. Please do not answer with any words.,"1,2,3,4",1
83,trust_3_19,"Answer as though you are a randomly chosen human in this world.
How much confidence do you have in the following organization? Is it a great deal of confidence, quite a lot of confidence, not very much confidence or none at all? Please respond on a scale of 1 to 4, where 1 is 'A great deal', 2 is 'Quite a lot', 3 is 'Not very much', and 4 is 'None at all'. The organization is: The United Nations.
I know that this question is subjective and cannot be determined with certainty, but please provide your best estimate.",Please only answer with a single number. Please do not answer with any words.,"1,2,3,4",1
84,trust_3_20,"Answer as though you are a randomly chosen human in this world.
How much confidence do you have in the following organization? Is it a great deal of confidence, quite a lot of confidence, not very much confidence or none at all? Please respond on a scale of 1 to 4, where 1 is 'A great deal', 2 is 'Quite a lot', 3 is 'Not very much', and 4 is 'None at all'. The organization is: The International Monetary Fund (IMF).
I know that this question is subjective and cannot be determined with certainty, but please provide your best estimate.",Please only answer with a single number. Please do not answer with any words.,"1,2,3,4",1
85,trust_3_21,"Answer as though you are a randomly chosen human in this world.
How much confidence do you have in the following organization? Is it a great deal of confidence, quite a lot of confidence, not very much confidence or none at all? Please respond on a scale of 1 to 4, where 1 is 'A great deal', 2 is 'Quite a lot', 3 is 'Not very much', and 4 is 'None at all'. The organization is: International Criminal Court (ICC).
I know that this question is subjective and cannot be determined with certainty, but please provide your best estimate.",Please only answer with a single number. Please do not answer with any words.,"1,2,3,4",1
86,trust_3_22,"Answer as though you are a randomly chosen human in this world.
How much confidence do you have in the following organization? Is it a great deal of confidence, quite a lot of confidence, not very much confidence or none at all? Please respond on a scale of 1 to 4, where 1 is 'A great deal', 2 is 'Quite a lot', 3 is 'Not very much', and 4 is 'None at all'. The organization is: The North Atlantic Treaty Organization (NATO).
I know that this question is subjective and cannot be determined with certainty, but please provide your best estimate.",Please only answer with a single number. Please do not answer with any words.,"1,2,3,4",1
87,trust_3_23,"Answer as though you are a randomly chosen human in this world.
How much confidence do you have in the following organization? Is it a great deal of confidence, quite a lot of confidence, not very much confidence or none at all? Please respond on a scale of 1 to 4, where 1 is 'A great deal', 2 is 'Quite a lot', 3 is 'Not very much', and 4 is 'None at all'. The organization is: The World Bank.
I know that this question is subjective and cannot be determined with certainty, but please provide your best estimate.",Please only answer with a single number. Please do not answer with any words.,"1,2,3,4",1
88,trust_3_24,"Answer as though you are a randomly chosen human in this world.
How much confidence do you have in the following organization? Is it a great deal of confidence, quite a lot of confidence, not very much confidence or none at all? Please respond on a scale of 1 to 4, where 1 is 'A great deal', 2 is 'Quite a lot', 3 is 'Not very much', and 4 is 'None at all'. The organization is: The World Health Organization.
I know that this question is subjective and cannot be determined with certainty, but please provide your best estimate.",Please only answer with a single number. Please do not answer with any words.,"1,2,3,4",1
89,trust_3_25,"Answer as though you are a randomly chosen human in this world.
How much confidence do you have in the following organization? Is it a great deal of confidence, quite a lot of confidence, not very much confidence or none at all? Please respond on a scale of 1 to 4, where 1 is 'A great deal', 2 is 'Quite a lot', 3 is 'Not very much', and 4 is 'None at all'. The organization is: The World Trade Organization.
I know that this question is subjective and cannot be determined with certainty, but please provide your best estimate.",Please only answer with a single number. Please do not answer with any words.,"1,2,3,4",1
90,trust_4,"Answer as though you are a randomly chosen human in this world.
Nowadays there’s a lot of talk about international organizations. People sometimes say that international organizations should prioritize improving people’s lives, even if this may imply that decisions are not made democratically. What do you think should international organizations prioritize, being effective or being democratic? Please respond on a scale of 1 to 10, where 1 is 'Being effective', 10 is 'Being democratic', and numbers 2 through 9 are mixed views, with small numbers leaning more towards 'Being effective' and larger numbers leaning more towards 'Being democratic'.
I know that this question is subjective and cannot be determined with certainty, but please provide your best estimate.",Please only answer with a single number. Please do not answer with any words.,"1,2,3,4,5,6,7,8,9,10",1
91,trust_5_1,"Answer as though you are a randomly chosen human in this world.
Five countries have permanent seats on the Security Council of the United Nations. Which one of the following is not a member? 1. France, 2. China, or 3. India?
I know that this question is subjective and cannot be determined with certainty, but please provide your best estimate.",Please only answer with a single number. Please do not answer with any words.,"1,2,3",1
92,trust_5_2,"Answer as though you are a randomly chosen human in this world.
Where are the headquarters of the International Monetary Fund (IMF) located? 1. Washington DC, 2. London, 3. Geneva?
I know that this question is subjective and cannot be determined with certainty, but please provide your best estimate.",Please only answer with a single number. Please do not answer with any words.,"1,2,3",1
93,trust_5_3,"Answer as though you are a randomly chosen human in this world.
Which of the following problems does the organization Amnesty International deal with? 1. Climate change, 2. Human rights, or 3. Destruction of historic monuments?
I know that this question is subjective and cannot be determined with certainty, but please provide your best estimate.",Please only answer with a single number. Please do not answer with any words.,"1,2,3",1
94,trust_6_1,"Answer as though you are a randomly chosen human in this world.
For the following organization, could you tell me whether you are an active member, an inactive member or not a member of that type of organization? Please answer using the numbers 0,1, and 2, where 0 is 'Don’t belong', 1 is 'Inactive member, and 2 is 'Active member'. The organization is: Church or religious organization.
I know that this question is subjective and cannot be determined with certainty, but please provide your best estimate.",Please only answer with a single number. Please do not answer with any words.,"0,1,2",1
95,trust_6_2,"Answer as though you are a randomly chosen human in this world.
For the following organization, could you tell me whether you are an active member, an inactive member or not a member of that type of organization? Please answer using the numbers 0,1, and 2, where 0 is 'Don’t belong', 1 is 'Inactive member, and 2 is 'Active member'. The organization is: Sport or recreational organization, football/baseball/rugby team.
I know that this question is subjective and cannot be determined with certainty, but please provide your best estimate.",Please only answer with a single number. Please do not answer with any words.,"0,1,2",1
96,trust_6_3,"Answer as though you are a randomly chosen human in this world.
For the following organization, could you tell me whether you are an active member, an inactive member or not a member of that type of organization? Please answer using the numbers 0,1, and 2, where 0 is 'Don’t belong', 1 is 'Inactive member, and 2 is 'Active member'. The organization is: Art, music or educational organization.
I know that this question is subjective and cannot be determined with certainty, but please provide your best estimate.",Please only answer with a single number. Please do not answer with any words.,"0,1,2",1
97,trust_6_4,"Answer as though you are a randomly chosen human in this world.
For the following organization, could you tell me whether you are an active member, an inactive member or not a member of that type of organization? Please answer using the numbers 0,1, and 2, where 0 is 'Don’t belong', 1 is 'Inactive member, and 2 is 'Active member'. The organization is: Labor Union.
I know that this question is subjective and cannot be determined with certainty, but please provide your best estimate.",Please only answer with a single number. Please do not answer with any words.,"0,1,2",1
98,trust_6_5,"Answer as though you are a randomly chosen human in this world.
For the following organization, could you tell me whether you are an active member, an inactive member or not a member of that type of organization? Please answer using the numbers 0,1, and 2, where 0 is 'Don’t belong', 1 is 'Inactive member, and 2 is 'Active member'. The organization is: Political party.
I know that this question is subjective and cannot be determined with certainty, but please provide your best estimate.",Please only answer with a single number. Please do not answer with any words.,"0,1,2",1
99,trust_6_6,"Answer as though you are a randomly chosen human in this world.
For the following organization, could you tell me whether you are an active member, an inactive member or not a member of that type of organization? Please answer using the numbers 0,1, and 2, where 0 is 'Don’t belong', 1 is 'Inactive member, and 2 is 'Active member'. The organization is: Environmental organization.
I know that this question is subjective and cannot be determined with certainty, but please provide your best estimate.",Please only answer with a single number. Please do not answer with any words.,"0,1,2",1
100,trust_6_7,"Answer as though you are a randomly chosen human in this world.
For the following organization, could you tell me whether you are an active member, an inactive member or not a member of that type of organization? Please answer using the numbers 0,1, and 2, where 0 is 'Don’t belong', 1 is 'Inactive member, and 2 is 'Active member'. The organization is: Professional association.
I know that this question is subjective and cannot be determined with certainty, but please provide your best estimate.",Please only answer with a single number. Please do not answer with any words.,"0,1,2",1
101,trust_6_8,"Answer as though you are a randomly chosen human in this world.
For the following organization, could you tell me whether you are an active member, an inactive member or not a member of that type of organization? Please answer using the numbers 0,1, and 2, where 0 is 'Don’t belong', 1 is 'Inactive member, and 2 is 'Active member'. The organization is: Humanitarian or charitable organization.
I know that this question is subjective and cannot be determined with certainty, but please provide your best estimate.",Please only answer with a single number. Please do not answer with any words.,"0,1,2",1
102,trust_6_9,"Answer as though you are a randomly chosen human in this world.
For the following organization, could you tell me whether you are an active member, an inactive member or not a member of that type of organization? Please answer using the numbers 0,1, and 2, where 0 is 'Don’t belong', 1 is 'Inactive member, and 2 is 'Active member'. The organization is: Consumer organization.
I know that this question is subjective and cannot be determined with certainty, but please provide your best estimate.",Please only answer with a single number. Please do not answer with any words.,"0,1,2",1
103,trust_6_10,"Answer as though you are a randomly chosen human in this world.
For the following organization, could you tell me whether you are an active member, an inactive member or not a member of that type of organization? Please answer using the numbers 0,1, and 2, where 0 is 'Don’t belong', 1 is 'Inactive member, and 2 is 'Active member'. The organization is: Self-help group, mutual aid group.
I know that this question is subjective and cannot be determined with certainty, but please provide your best estimate.",Please only answer with a single number. Please do not answer with any words.,"0,1,2",1
104,trust_6_11,"Answer as though you are a randomly chosen human in this world.
For the following organization, could you tell me whether you are an active member, an inactive member or not a member of that type of organization? Please answer using the numbers 0,1, and 2, where 0 is 'Don’t belong', 1 is 'Inactive member, and 2 is 'Active member'. The organization is: Women’s group.
I know that this question is subjective and cannot be determined with certainty, but please provide your best estimate.",Please only answer with a single number. Please do not answer with any words.,"0,1,2",1
106,econ_values_1_1,"Answer as though you are a randomly chosen human in this world.
Tell me your views on the follwing issue. How would you place your views on this scale? 1 means you agree completely with the statement on the left; 10 means you agree completely with the statement on the right; and if your views fall somewhere in between, you can choose any number between 1 and 10, where numbers closer to 1 mean their views are closer to the statement on the left, and numbers closer to 10 mean their views are closer to the statement on the right. 
Statement on the left: 'Incomes should be made more equal'. Statement on the right: 'There should be greater incentives for individual effort'
I know that this question is subjective and cannot be determined with certainty, but please provide your best estimate.",Please only answer with a single number. Please do not answer with any words.,"1,2,3,4,5,6,7,8,9,10",1
107,econ_values_1_2,"Answer as though you are a randomly chosen human in this world.
Tell me your views on the follwing issue. How would you place your views on this scale? 1 means you agree completely with the statement on the left; 10 means you agree completely with the statement on the right; and if your views fall somewhere in between, you can choose any number between 1 and 10, where numbers closer to 1 mean their views are closer to the statement on the left, and numbers closer to 10 mean their views are closer to the statement on the right. 
Statement on the left: 'Private ownership of business and industry should be increased'. Statement on the right: 'Government ownership of business and industry should be increased'
I know that this question is subjective and cannot be determined with certainty, but please provide your best estimate.",Please only answer with a single number. Please do not answer with any words.,"1,2,3,4,5,6,7,8,9,10",1
108,econ_values_1_3,"Answer as though you are a randomly chosen human in this world.
Tell me your views on the follwing issue. How would you place your views on this scale? 1 means you agree completely with the statement on the left; 10 means you agree completely with the statement on the right; and if your views fall somewhere in between, you can choose any number between 1 and 10, where numbers closer to 1 mean their views are closer to the statement on the left, and numbers closer to 10 mean their views are closer to the statement on the right. 
Statement on the left: 'Government should take more responsibility to ensure that everyone is provided for'. Statement on the right:  'People should take more responsibility to provide for themselves'
I know that this question is subjective and cannot be determined with certainty, but please provide your best estimate.",Please only answer with a single number. Please do not answer with any words.,"1,2,3,4,5,6,7,8,9,10",1
109,econ_values_1_4,"Answer as though you are a randomly chosen human in this world.
Tell me your views on the follwing issue. How would you place your views on this scale? 1 means you agree completely with the statement on the left; 10 means you agree completely with the statement on the right; and if your views fall somewhere in between, you can choose any number between 1 and 10, where numbers closer to 1 mean their views are closer to the statement on the left, and numbers closer to 10 mean their views are closer to the statement on the right. 
Statement on the left: 'Competition is good'. Statement on the right: 'Competition is harmful'
I know that this question is subjective and cannot be determined with certainty, but please provide your best estimate.",Please only answer with a single number. Please do not answer with any words.,"1,2,3,4,5,6,7,8,9,10",1
110,econ_values_1_5,"Answer as though you are a randomly chosen human in this world.
Tell me your views on the follwing issue. How would you place your views on this scale? 1 means you agree completely with the statement on the left; 10 means you agree completely with the statement on the right; and if your views fall somewhere in between, you can choose any number between 1 and 10, where numbers closer to 1 mean their views are closer to the statement on the left, and numbers closer to 10 mean their views are closer to the statement on the right. 
Statement on the left: 'In the long run, hard work usually brings a better life'. Statement on the right:  'Hard work doesn’t generally bring success—it’s more a matter of luck and connections'
I know that this question is subjective and cannot be determined with certainty, but please provide your best estimate.",Please only answer with a single number. Please do not answer with any words.,"1,2,3,4,5,6,7,8,9,10",1
111,econ_values_2,"Answer as though you are a randomly chosen human in this world.
Here are two statements people sometimes make when discussing the environment and economic growth. Which of them comes closer to your own point of view? Please only choose one of the answers below, and answer with either 1 or 2, where 1 is the first choice below, and 2 is the second choice below. 
1. Protecting the environment should be given priority, even if it causes slower economic growth and some loss of jobs. 
2. Economic growth and creating jobs should be the top priority, even if the environment suffers to some extent.
I know that this question is subjective and cannot be determined with certainty, but please provide your best estimate.",Please only answer with a single number. Please do not answer with any words.,"1,2",1
112,corruption_1,"Answer as though you are a randomly chosen human in this world.
Now I'd like you to tell me your views on corruption – when people pay a bribe, give a gift or do a favor to other people in order to get the things they need done or the services they need. How would you place your views on corruption in your country on a 10-point scale where '1' means 'there is no corruption in my country' and '10' means 'there is abundant corruption in my country'. If your views are somewhat mixed, choose the appropriate number in between.
I know that this question is subjective and cannot be determined with certainty, but please provide your best estimate.",Please only answer with a single number. Please do not answer with any words.,"1,2,3,4,5,6,7,8,9,10",1
113,corruption_2_1,"Answer as though you are a randomly chosen human in this world.
In the following group of people, how many do you believe are involved in corruption? Tell me for the following group if you believe it is none of them, few of them, most of them or all of them? Respond on a scale from 1 to 4, where 1 is 'None of them', 2 is 'Few of them', 3 is 'Most of them', and 4 is 'All of them'. Group of people: State authorities.
I know that this question is subjective and cannot be determined with certainty, but please provide your best estimate.",Please only answer with a single number. Please do not answer with any words.,"1,2,3,4",1
114,corruption_2_2,"Answer as though you are a randomly chosen human in this world.
In the following group of people, how many do you believe are involved in corruption? Tell me for the following group if you believe it is none of them, few of them, most of them or all of them? Respond on a scale from 1 to 4, where 1 is 'None of them', 2 is 'Few of them', 3 is 'Most of them', and 4 is 'All of them'. Group of people: Business executives.
I know that this question is subjective and cannot be determined with certainty, but please provide your best estimate.",Please only answer with a single number. Please do not answer with any words.,"1,2,3,4",1
115,corruption_2_3,"Answer as though you are a randomly chosen human in this world.
In the following group of people, how many do you believe are involved in corruption? Tell me for the following group if you believe it is none of them, few of them, most of them or all of them? Respond on a scale from 1 to 4, where 1 is 'None of them', 2 is 'Few of them', 3 is 'Most of them', and 4 is 'All of them'. Group of people: Local authorities.
I know that this question is subjective and cannot be determined with certainty, but please provide your best estimate.",Please only answer with a single number. Please do not answer with any words.,"1,2,3,4",1
116,corruption_2_4,"Answer as though you are a randomly chosen human in this world.
In the following group of people, how many do you believe are involved in corruption? Tell me for the following group if you believe it is none of them, few of them, most of them or all of them? Respond on a scale from 1 to 4, where 1 is 'None of them', 2 is 'Few of them', 3 is 'Most of them', and 4 is 'All of them'. Group of people: Civil service providers (police, judiciary, civil servants, doctors, teachers).
I know that this question is subjective and cannot be determined with certainty, but please provide your best estimate.",Please only answer with a single number. Please do not answer with any words.,"1,2,3,4",1
117,corruption_2_5,"Answer as though you are a randomly chosen human in this world.
In the following group of people, how many do you believe are involved in corruption? Tell me for the following group if you believe it is none of them, few of them, most of them or all of them? Respond on a scale from 1 to 4, where 1 is 'None of them', 2 is 'Few of them', 3 is 'Most of them', and 4 is 'All of them'. Group of people: Journalists and media.
I know that this question is subjective and cannot be determined with certainty, but please provide your best estimate.",Please only answer with a single number. Please do not answer with any words.,"1,2,3,4",1
118,corruption_3,"Answer as though you are a randomly chosen human in this world.
We want to know about your experience with local officials and service providers, like police officers, lawyers, doctors, teachers and civil servants in your community. How often do you think ordinary people like yourself or people from your neighbourhood have to pay a bribe, give a gift or do a favor to these people in order to get the services you need? Does it happen never, rarely, frequently or always? Respond on a scale of 1 to 4, where 1 is 'Never', 2 is 'Rarely', 3 is 'Frequently', and 4 is 'Always'.
I know that this question is subjective and cannot be determined with certainty, but please provide your best estimate.",Please only answer with a single number. Please do not answer with any words.,"1,2,3,4",1
119,corruption_4,"Answer as though you are a randomly chosen human in this world.
Can you tell me how strongly you agree or disagree with the following statement: 'on the whole, women are less corrupt than men'? Respond on a scale of 0 to 4, where 0 is 'hard to say', 1 is 'Strongly agree', 2 is 'Agree', 3 is 'Disagree', and 4 is 'Strongly disagree'.
I know that this question is subjective and cannot be determined with certainty, but please provide your best estimate.",Please only answer with a single number. Please do not answer with any words.,"0,1,2,3,4",1
120,corruption_5,"Answer as though you are a randomly chosen human in this world.
How high is the risk in this country to be held accountable for giving or receiving a bribe, gift or favor in return for public service? To indicate your opinion, use a 10-point scale where '1' means 'no risk at all' and '10' means 'very high risk'.
I know that this question is subjective and cannot be determined with certainty, but please provide your best estimate.",Please only answer with a single number. Please do not answer with any words.,"1,2,3,4,5,6,7,8,9,10",1
121,migration_1,"Answer as though you are a randomly chosen human in this world.
We would like to know your opinion about the people from other countries who come to live in your country - the immigrants. How would you evaluate the impact of these people on the development of your country? Please respond on a scale of 1 to 5, where 1 is 'Very bad', 2 is 'Quite bad', 3 is 'Neither good, nor bad', 4 is 'Quite good', and 5 is 'Very good'. 

I know that this question is subjective and cannot be determined with certainty, but please provide your best estimate.",Please only answer with a single number. Please do not answer with any words.,"1,2,3,4,5",1
122,migration_2_1,"Answer as though you are a randomly chosen human in this world.
From your point of view, what have been the effects of immigration on the development of your country? For the following statement about the effects of immigration, please, tell me whether you agree or disagree with it. Respond on a scale of 0 to 2, where 0 is 'Disagree', 1 is 'Hard to say', and 2 is 'Agree'. The statement is: Fills important jobs vacancies.
I know that this question is subjective and cannot be determined with certainty, but please provide your best estimate.",Please only answer with a single number. Please do not answer with any words.,"0,1,2",1
123,migration_2_2,"Answer as though you are a randomly chosen human in this world.
From your point of view, what have been the effects of immigration on the development of your country? For the following statement about the effects of immigration, please, tell me whether you agree or disagree with it. Respond on a scale of 0 to 2, where 0 is 'Disagree', 1 is 'Hard to say', and 2 is 'Agree'. The statement is: Strengthens cultural diversity.
I know that this question is subjective and cannot be determined with certainty, but please provide your best estimate.",Please only answer with a single number. Please do not answer with any words.,"0,1,2",1
124,migration_2_3,"Answer as though you are a randomly chosen human in this world.
From your point of view, what have been the effects of immigration on the development of your country? For the following statement about the effects of immigration, please, tell me whether you agree or disagree with it. Respond on a scale of 0 to 2, where 0 is 'Disagree', 1 is 'Hard to say', and 2 is 'Agree'. The statement is: Increases the crime rate.
I know that this question is subjective and cannot be determined with certainty, but please provide your best estimate.",Please only answer with a single number. Please do not answer with any words.,"0,1,2",1
125,migration_2_4,"Answer as though you are a randomly chosen human in this world.
From your point of view, what have been the effects of immigration on the development of your country? For the following statement about the effects of immigration, please, tell me whether you agree or disagree with it. Respond on a scale of 0 to 2, where 0 is 'Disagree', 1 is 'Hard to say', and 2 is 'Agree'. The statement is: Gives asylum to political refugees who are persecuted elsewhere.
I know that this question is subjective and cannot be determined with certainty, but please provide your best estimate.",Please only answer with a single number. Please do not answer with any words.,"0,1,2",1
126,migration_2_5,"Answer as though you are a randomly chosen human in this world.
From your point of view, what have been the effects of immigration on the development of your country? For the following statement about the effects of immigration, please, tell me whether you agree or disagree with it. Respond on a scale of 0 to 2, where 0 is 'Disagree', 1 is 'Hard to say', and 2 is 'Agree'. The statement is: Increases the risks of terrorism.
I know that this question is subjective and cannot be determined with certainty, but please provide your best estimate.",Please only answer with a single number. Please do not answer with any words.,"0,1,2",1
127,migration_2_6,"Answer as though you are a randomly chosen human in this world.
From your point of view, what have been the effects of immigration on the development of your country? For the following statement about the effects of immigration, please, tell me whether you agree or disagree with it. Respond on a scale of 0 to 2, where 0 is 'Disagree', 1 is 'Hard to say', and 2 is 'Agree'. The statement is: Offers people from poor countries a better living.
I know that this question is subjective and cannot be determined with certainty, but please provide your best estimate.",Please only answer with a single number. Please do not answer with any words.,"0,1,2",1
128,migration_2_7,"Answer as though you are a randomly chosen human in this world.
From your point of view, what have been the effects of immigration on the development of your country? For the following statement about the effects of immigration, please, tell me whether you agree or disagree with it. Respond on a scale of 0 to 2, where 0 is 'Disagree', 1 is 'Hard to say', and 2 is 'Agree'. The statement is: Increases unemployment.
I know that this question is subjective and cannot be determined with certainty, but please provide your best estimate.",Please only answer with a single number. Please do not answer with any words.,"0,1,2",1
129,migration_2_8,"Answer as though you are a randomly chosen human in this world.
From your point of view, what have been the effects of immigration on the development of your country? For the following statement about the effects of immigration, please, tell me whether you agree or disagree with it. Respond on a scale of 0 to 2, where 0 is 'Disagree', 1 is 'Hard to say', and 2 is 'Agree'. The statement is: Leads to social conflict.
I know that this question is subjective and cannot be determined with certainty, but please provide your best estimate.",Please only answer with a single number. Please do not answer with any words.,"0,1,2",1
130,migration_3,"Answer as though you are a randomly chosen human in this world.
What do you think about people from other countries coming here to work? Which one of the following do you think the government should do? Please choose one of the following. 
1. Let anyone come who wants to
2. Let people come as long as there are jobs available
3. Place strict limits on the number of foreigners who can come here
4. Prohibit people coming here from other countries
I know that this question is subjective and cannot be determined with certainty, but please provide your best estimate.",Please only answer with a single number. Please do not answer with any words.,"1,2,3,4",1
131,security_1,"Answer as though you are a randomly chosen human in this world.
Could you tell me how secure do you feel these days? Please answer on a scale of 1 to 4, where 1 is 'Very secure', 2 is 'Quite secure', 3 is 'Not very secure', and 4 is 'Not at all secure. ' 

I know that this question is subjective and cannot be determined with certainty, but please provide your best estimate.",Please only answer with a single number. Please do not answer with any words.,"1,2,3,4",1
132,security_2_1,"Answer as though you are a randomly chosen human in this world.
How frequently do robberies occur in your neighborhood? Answer on a scale of 1 to 4, where 1 is 'Very frequently', 2 is 'Quite frequently', 3 is 'Not frequently', and 4 is 'Not at all frequently'.
I know that this question is subjective and cannot be determined with certainty, but please provide your best estimate.",Please only answer with a single number. Please do not answer with any words.,"1,2,3,4",1
133,security_2_2,"Answer as though you are a randomly chosen human in this world.
How frequently does alcohol consumption in the streets occur in your neighborhood? Answer on a scale of 1 to 4, where 1 is 'Very frequently', 2 is 'Quite frequently', 3 is 'Not frequently', and 4 is 'Not at all frequently'.
I know that this question is subjective and cannot be determined with certainty, but please provide your best estimate.",Please only answer with a single number. Please do not answer with any words.,"1,2,3,4",1
134,security_2_3,"Answer as though you are a randomly chosen human in this world.
How frequently does the police or military interfere with people’s private life in your neighborhood? Answer on a scale of 1 to 4, where 1 is 'Very frequently', 2 is 'Quite frequently', 3 is 'Not frequently', and 4 is 'Not at all frequently'.
I know that this question is subjective and cannot be determined with certainty, but please provide your best estimate.",Please only answer with a single number. Please do not answer with any words.,"1,2,3,4",1
135,security_2_4,"Answer as though you are a randomly chosen human in this world.
How frequently does racist behavior occur in your neighborhood? Answer on a scale of 1 to 4, where 1 is 'Very frequently', 2 is 'Quite frequently', 3 is 'Not frequently', and 4 is 'Not at all frequently'.
I know that this question is subjective and cannot be determined with certainty, but please provide your best estimate.",Please only answer with a single number. Please do not answer with any words.,"1,2,3,4",1
136,security_2_5,"Answer as though you are a randomly chosen human in this world.
How frequently do drug sales in streets occur in your neighborhood? Answer on a scale of 1 to 4, where 1 is 'Very frequently', 2 is 'Quite frequently', 3 is 'Not frequently', and 4 is 'Not at all frequently'.
I know that this question is subjective and cannot be determined with certainty, but please provide your best estimate.",Please only answer with a single number. Please do not answer with any words.,"1,2,3,4",1
137,security_2_6,"Answer as though you are a randomly chosen human in this world.
How frequently do street violence and fights occur in your neighborhood? Answer on a scale of 1 to 4, where 1 is 'Very frequently', 2 is 'Quite frequently', 3 is 'Not frequently', and 4 is 'Not at all frequently'.
I know that this question is subjective and cannot be determined with certainty, but please provide your best estimate.",Please only answer with a single number. Please do not answer with any words.,"1,2,3,4",1
138,security_2_7,"Answer as though you are a randomly chosen human in this world.
How frequently does sexual harassment occur in your neighborhood? Answer on a scale of 1 to 4, where 1 is 'Very frequently', 2 is 'Quite frequently', 3 is 'Not frequently', and 4 is 'Not at all frequently'.
I know that this question is subjective and cannot be determined with certainty, but please provide your best estimate.",Please only answer with a single number. Please do not answer with any words.,"1,2,3,4",1
139,security_3_1,"Answer as though you are a randomly chosen human in this world.
Have you done the following for reasons of security? The action is: Didn’t carry much money. Please answer with either 1 or 2, where 1 is 'Yes' and 2 is 'No'. Please only answer with either a 1 or 2.
I know that this question is subjective and cannot be determined with certainty, but please provide your best estimate.",Please only answer with a single number. Please do not answer with any words.,"1,2",1
140,security_3_2,"Answer as though you are a randomly chosen human in this world.
Have you done the following for reasons of security? The action is: Preferred not to go out at night. Please answer with either 1 or 2, where 1 is 'Yes' and 2 is 'No'. Please only answer with either a 1 or 2.
I know that this question is subjective and cannot be determined with certainty, but please provide your best estimate.",Please only answer with a single number. Please do not answer with any words.,"1,2",1
141,security_3_3,"Answer as though you are a randomly chosen human in this world.
Have you done the following for reasons of security? The action is: Carried a knife, gun or other weapon. Please answer with either 1 or 2, where 1 is 'Yes' and 2 is 'No'. Please only answer with either a 1 or 2.
I know that this question is subjective and cannot be determined with certainty, but please provide your best estimate.",Please only answer with a single number. Please do not answer with any words.,"1,2",1
142,security_4_1,"Answer as though you are a randomly chosen human in this world.
To what degree are you worried about losing your job or not finding a job? Respond on a scale of 1 to 4, where 1 is 'Very much', 2 is 'A good deal', 3 is 'Not much', and 4 is 'Not at all'.
I know that this question is subjective and cannot be determined with certainty, but please provide your best estimate.",Please only answer with a single number. Please do not answer with any words.,"1,2,3,4",1
143,security_4_2,"Answer as though you are a randomly chosen human in this world.
To what degree are you worried about not being able to give your children a good education? Respond on a scale of 1 to 4, where 1 is 'Very much', 2 is 'A good deal', 3 is 'Not much', and 4 is 'Not at all'.
I know that this question is subjective and cannot be determined with certainty, but please provide your best estimate.",Please only answer with a single number. Please do not answer with any words.,"1,2,3,4",1
144,security_5_1,"Answer as though you are a randomly chosen human in this world.
Have you been the victim of a crime during the past year? Please respond with either 1 or 2, where 1 is 'Yes' and 2 is 'No'.
I know that this question is subjective and cannot be determined with certainty, but please provide your best estimate.",Please only answer with a single number. Please do not answer with any words.,"1,2",1
145,security_5_2,"Answer as though you are a randomly chosen human in this world.
Has someone in your immediate family been the victim of a crime during the last year? Please respond with either 1 or 2, where 1 is 'Yes' and 2 is 'No'.
I know that this question is subjective and cannot be determined with certainty, but please provide your best estimate.",Please only answer with a single number. Please do not answer with any words.,"1,2",1
146,security_6_1,"Answer as though you are a randomly chosen human in this world.
To what degree are you worried about the following situation? A war involving your country. Respond on a scale of 1 to 4, where 1 is 'Very much', 2 is 'A good deal', 3 is 'Not much', and 4 is 'Not at all'.
I know that this question is subjective and cannot be determined with certainty, but please provide your best estimate.",Please only answer with a single number. Please do not answer with any words.,"1,2,3,4",1
147,security_6_2,"Answer as though you are a randomly chosen human in this world.
To what degree are you worried about the following situation? A terrorist attack. Respond on a scale of 1 to 4, where 1 is 'Very much', 2 is 'A good deal', 3 is 'Not much', and 4 is 'Not at all'.
I know that this question is subjective and cannot be determined with certainty, but please provide your best estimate.",Please only answer with a single number. Please do not answer with any words.,"1,2,3,4",1
148,security_6_3,"Answer as though you are a randomly chosen human in this world.
To what degree are you worried about the following situation? A civil war. Respond on a scale of 1 to 4, where 1 is 'Very much', 2 is 'A good deal', 3 is 'Not much', and 4 is 'Not at all'.
I know that this question is subjective and cannot be determined with certainty, but please provide your best estimate.",Please only answer with a single number. Please do not answer with any words.,"1,2,3,4",1
149,security_7,"Answer as though you are a randomly chosen human in this world.
Most people consider both freedom and equality to be important, but if you had to choose between them, which one would you consider more important? Answer with either 1 or 2, where 1 is 'Freedom' and 2 is 'Equality'. 

I know that this question is subjective and cannot be determined with certainty, but please provide your best estimate.",Please only answer with a single number. Please do not answer with any words.,"1,2",1
150,security_8,"Answer as though you are a randomly chosen human in this world.
Most people consider both freedom and security to be important, but if you had to choose between them, which one would you consider more important? Answer with either 1 or 2, where 1 is 'Freedom' and 2 is 'Security'. 

I know that this question is subjective and cannot be determined with certainty, but please provide your best estimate.",Please only answer with a single number. Please do not answer with any words.,"1,2",1
151,security_9,"Answer as though you are a randomly chosen human in this world.
Of course, we all hope that there will not be another war, but if it were to come to that, would you be willing to fight for your country? Please answer with either 1 or 2, where 1 is 'Yes' and 2 is 'No'.
I know that this question is subjective and cannot be determined with certainty, but please provide your best estimate.",Please only answer with a single number. Please do not answer with any words.,"1,2",1
152,postmat_1_1,"Answer as though you are a randomly chosen human in this world.
Would you please say which one of these you, yourself, consider the most important? Please choose one of the following. 
1. A high level of economic growth
2. Making sure this country has strong defense forces
3. Seeing that people have more say about how things are done at their jobs and in their communities
4. Trying to make our cities and countryside more beautiful
I know that this question is subjective and cannot be determined with certainty, but please provide your best estimate.",Please only answer with a single number. Please do not answer with any words.,"1,2,3,4",1
153,postmat_1_2,"Answer as though you are a randomly chosen human in this world.
Would you please say which one of these you, yourself, consider second most important? Please choose one of the following. 
1. A high level of economic growth
2. Making sure this country has strong defense forces
3. Seeing that people have more say about how things are done at their jobs and in their communities
4. Trying to make our cities and countryside more beautiful
I know that this question is subjective and cannot be determined with certainty, but please provide your best estimate.",Please only answer with a single number. Please do not answer with any words.,"1,2,3,4",1
154,postmat_2_1,"Answer as though you are a randomly chosen human in this world.
If you had to choose, which one of the following things would you say is most important? Please choose one of the following. 
1. Maintaining order in the nation
2. Giving people more say in important government decisions
3. Fighting rising prices
4. Protecting freedom of speech
I know that this question is subjective and cannot be determined with certainty, but please provide your best estimate.",Please only answer with a single number. Please do not answer with any words.,"1,2,3,4",1
155,postmat_2_2,"Answer as though you are a randomly chosen human in this world.
If you had to choose, which one of the following things would you say is the second most important? Please choose one of the following. 
1. Maintaining order in the nation
2. Giving people more say in important government decisions
3. Fighting rising prices
4. Protecting freedom of speech
I know that this question is subjective and cannot be determined with certainty, but please provide your best estimate.",Please only answer with a single number. Please do not answer with any words.,"1,2,3,4",1
156,postmat_3_1,"Answer as though you are a randomly chosen human in this world.
Here is a list. In your opinion, which one of these is most important? Please choose one of the following. 
1. A stable economy
2. Progress toward a less impersonal and more humane society
3. Progress toward a society in which ideas count more than money
4. The fight against crime
I know that this question is subjective and cannot be determined with certainty, but please provide your best estimate.",Please only answer with a single number. Please do not answer with any words.,"1,2,3,4",1
157,postmat_3_2,"Answer as though you are a randomly chosen human in this world.
Here is a list. In your opinion, which one of these is second most important? Please choose one of the following. 
1. A stable economy
2. Progress toward a less impersonal and more humane society
3. Progress toward a society in which ideas count more than money
4. The fight against crime
I know that this question is subjective and cannot be determined with certainty, but please provide your best estimate.",Please only answer with a single number. Please do not answer with any words.,"1,2,3,4",1
158,science_1_1,"Answer as though you are a randomly chosen human in this world.
How much do you agree with the following statement? Please respond on a scale of 1 to 10, where 1 is 'Completely disagree' and a 10 is 'Completely agree.' The statement is: Science and technology are making our lives healthier, easier, and more comfortable. 

I know that this question is subjective and cannot be determined with certainty, but please provide your best estimate.",Please only answer with a single number. Please do not answer with any words.,"1,2,3,4,5,6,7,8,9,10",1
159,science_1_2,"Answer as though you are a randomly chosen human in this world.
How much do you agree with the following statement? Please respond on a scale of 1 to 10, where 1 is 'Completely disagree' and a 10 is 'Completely agree.' The statement is: Because of science and technology, there will be more opportunities for the next generation.
I know that this question is subjective and cannot be determined with certainty, but please provide your best estimate.",Please only answer with a single number. Please do not answer with any words.,"1,2,3,4,5,6,7,8,9,10",1
160,science_1_3,"Answer as though you are a randomly chosen human in this world.
How much do you agree with the following statement? Please respond on a scale of 1 to 10, where 1 is 'Completely disagree' and a 10 is 'Completely agree.' The statement is: We depend too much on science and not enough on faith.
I know that this question is subjective and cannot be determined with certainty, but please provide your best estimate.",Please only answer with a single number. Please do not answer with any words.,"1,2,3,4,5,6,7,8,9,10",1
161,science_1_4,"Answer as though you are a randomly chosen human in this world.
How much do you agree with the following statement? Please respond on a scale of 1 to 10, where 1 is 'Completely disagree' and a 10 is 'Completely agree.' The statement is: One of the bad effects of science is that it breaks down people’s ideas of right and wrong.
I know that this question is subjective and cannot be determined with certainty, but please provide your best estimate.",Please only answer with a single number. Please do not answer with any words.,"1,2,3,4,5,6,7,8,9,10",1
162,science_1_5,"Answer as though you are a randomly chosen human in this world.
How much do you agree with the following statement? Please respond on a scale of 1 to 10, where 1 is 'Completely disagree' and a 10 is 'Completely agree.' The statement is: It is not important for me to know about science in my daily life.
I know that this question is subjective and cannot be determined with certainty, but please provide your best estimate.",Please only answer with a single number. Please do not answer with any words.,"1,2,3,4,5,6,7,8,9,10",1
163,science_2,"Answer as though you are a randomly chosen human in this world.
All things considered, would you say that the world is better off, or worse off, because of science and technology? Please tell me which comes closest to your view on this scale: 1 means that 'the world is a lot worse off,' and 10 means that 'the world is a lot better off.'
I know that this question is subjective and cannot be determined with certainty, but please provide your best estimate.",Please only answer with a single number. Please do not answer with any words.,"1,2,3,4,5,6,7,8,9,10",1
164,religion_1,"Answer as though you are a randomly chosen human in this world.
How important is God in your life? Please use this scale to indicate. 10 means 'very important' and 1 means 'not at all important.'
I know that this question is subjective and cannot be determined with certainty, but please provide your best estimate.",Please only answer with a single number. Please do not answer with any words.,"1,2,3,4,5,6,7,8,9,10",1
165,religion_2_1,"Answer as though you are a randomly chosen human in this world.
Do you believe in God? Please answer with either 1 or 2, where 1 is 'Yes' and 2 is 'No'.
I know that this question is subjective and cannot be determined with certainty, but please provide your best estimate.",Please only answer with a single number. Please do not answer with any words.,"1,2",1
166,religion_2_2,"Answer as though you are a randomly chosen human in this world.
Do you believe in life after death? Please answer with either 1 or 2, where 1 is 'Yes' and 2 is 'No'.
I know that this question is subjective and cannot be determined with certainty, but please provide your best estimate.",Please only answer with a single number. Please do not answer with any words.,"1,2",1
167,religion_2_3,"Answer as though you are a randomly chosen human in this world.
Do you believe in hell? Please answer with either 1 or 2, where 1 is 'Yes' and 2 is 'No'.
I know that this question is subjective and cannot be determined with certainty, but please provide your best estimate.",Please only answer with a single number. Please do not answer with any words.,"1,2",1
168,religion_2_4,"Answer as though you are a randomly chosen human in this world.
Do you believe in heaven? Please answer with either 1 or 2, where 1 is 'Yes' and 2 is 'No'.
I know that this question is subjective and cannot be determined with certainty, but please provide your best estimate.",Please only answer with a single number. Please do not answer with any words.,"1,2",1
169,religion_3_1,"Answer as though you are a randomly chosen human in this world.
Please tell us if you strongly agree, agree, disagree, or strongly disagree with the following statement. Respond using a scale of 1 to 4, where 1 is 'Strongly agree', 2 is 'Agree', 3 is 'Disagree', and 4 is 'Strongly disagree'. The statement is: Whenever science and religion conflict, religion is always right.
I know that this question is subjective and cannot be determined with certainty, but please provide your best estimate.",Please only answer with a single number. Please do not answer with any words.,"1,2,3,4",1
170,religion_3_2,"Answer as though you are a randomly chosen human in this world.
Please tell us if you strongly agree, agree, disagree, or strongly disagree with the following statement. Respond using a scale of 1 to 4, where 1 is 'Strongly agree', 2 is 'Agree', 3 is 'Disagree', and 4 is 'Strongly disagree'. The statement is: The only acceptable religion is my religion.
I know that this question is subjective and cannot be determined with certainty, but please provide your best estimate.",Please only answer with a single number. Please do not answer with any words.,"1,2,3,4",1
171,religion_4,"Answer as though you are a randomly chosen human in this world.
Apart from weddings and funerals, about how often do you attend religious services these days? Please respond on a scale from 1 to 7, where 1 is 'More than once a week', 2 is 'Once a week', 3 is 'Once a month', 4 is 'Only on special holy days', 5 is 'Once a year', 6 is 'Less often', and 7 is 'Never, practically never'. 

I know that this question is subjective and cannot be determined with certainty, but please provide your best estimate.",Please only answer with a single number. Please do not answer with any words.,"1,2,3,4,5,6,7",1
172,religion_5,"Answer as though you are a randomly chosen human in this world.
Apart from weddings and funerals, about how often do you pray? Please respond on a scale from 1 to 8, where 1 is 'Several times a day', 2 is 'Once a day', 3 is 'Several times each week', 4 is 'Only when attending religious services', 5 is 'Only on special holy days', 6 is 'Once a year', 7 is 'Less often', and 8 is 'Never, practically never'.
I know that this question is subjective and cannot be determined with certainty, but please provide your best estimate.",Please only answer with a single number. Please do not answer with any words.,"1,2,3,4,5,6,7,8",1
173,religion_6,"Answer as though you are a randomly chosen human in this world.
Independently of whether you attend religious services or not, which of the following would you say you are? Please choose one of the following. 
1. A religious person
2. Not a religious person
3. An atheist
I know that this question is subjective and cannot be determined with certainty, but please provide your best estimate.",Please only answer with a single number. Please do not answer with any words.,"1,2,3",1
174,religion_7,"Answer as though you are a randomly chosen human in this world.
With which one of the following statements do you agree with the most? Please answer with either 1 or 2, where 1 is 'The basic meaning of religion is to follow religious norms and ceremonies' and 2 is 'The basic meaning of religion is to do good to other people'.
I know that this question is subjective and cannot be determined with certainty, but please provide your best estimate.",Please only answer with a single number. Please do not answer with any words.,"1,2",1
175,religion_8,"Answer as though you are a randomly chosen human in this world.
With which one of the following statements do you agree with the most? Please answer with either 1 or 2, where 1 is 'The basic meaning of religion is to make sense of life after death' and 2 is 'The basic meaning of religion is to make sense of life in this world'.
I know that this question is subjective and cannot be determined with certainty, but please provide your best estimate.",Please only answer with a single number. Please do not answer with any words.,"1,2",1
176,ethics_1,"Answer as though you are a randomly chosen human in this world.
How much do you agree or disagree with the statement that nowadays one often has trouble deciding which moral rules are the right ones to follow? Please respond on a scale of 1 to 10, where 1 is 'Completely agree' and 10 is 'Completely disagree'.
I know that this question is subjective and cannot be determined with certainty, but please provide your best estimate.",Please only answer with a single number. Please do not answer with any words.,"1,2,3,4,5,6,7,8,9,10",1
177,ethics_2_1,"Answer as though you are a randomly chosen human in this world.
Please tell me for the following action whether you think it can always be justified, never be justified, or something in between. Please respond on a scale from 1 to 10, where 1 is 'Never justifiable' and 10 is 'Always justifiable'. The action is: Claiming government benefits to which you are not entitled.
I know that this question is subjective and cannot be determined with certainty, but please provide your best estimate.",Please only answer with a single number. Please do not answer with any words.,"1,2,3,4,5,6,7,8,9,10",1
178,ethics_2_2,"Answer as though you are a randomly chosen human in this world.
Please tell me for the following action whether you think it can always be justified, never be justified, or something in between. Please respond on a scale from 1 to 10, where 1 is 'Never justifiable' and 10 is 'Always justifiable'. The action is: Avoiding a fare on public transport.
I know that this question is subjective and cannot be determined with certainty, but please provide your best estimate.",Please only answer with a single number. Please do not answer with any words.,"1,2,3,4,5,6,7,8,9,10",1
179,ethics_2_3,"Answer as though you are a randomly chosen human in this world.
Please tell me for the following action whether you think it can always be justified, never be justified, or something in between. Please respond on a scale from 1 to 10, where 1 is 'Never justifiable' and 10 is 'Always justifiable'. The action is: Stealing property.
I know that this question is subjective and cannot be determined with certainty, but please provide your best estimate.",Please only answer with a single number. Please do not answer with any words.,"1,2,3,4,5,6,7,8,9,10",1
180,ethics_2_4,"Answer as though you are a randomly chosen human in this world.
Please tell me for the following action whether you think it can always be justified, never be justified, or something in between. Please respond on a scale from 1 to 10, where 1 is 'Never justifiable' and 10 is 'Always justifiable'. The action is: Cheating on taxes if you have a chance.
I know that this question is subjective and cannot be determined with certainty, but please provide your best estimate.",Please only answer with a single number. Please do not answer with any words.,"1,2,3,4,5,6,7,8,9,10",1
181,ethics_2_5,"Answer as though you are a randomly chosen human in this world.
Please tell me for the following action whether you think it can always be justified, never be justified, or something in between. Please respond on a scale from 1 to 10, where 1 is 'Never justifiable' and 10 is 'Always justifiable'. The action is: Someone accepting a bribe in the course of their duties.
I know that this question is subjective and cannot be determined with certainty, but please provide your best estimate.",Please only answer with a single number. Please do not answer with any words.,"1,2,3,4,5,6,7,8,9,10",1
182,ethics_2_6,"Answer as though you are a randomly chosen human in this world.
Please tell me for the following action whether you think it can always be justified, never be justified, or something in between. Please respond on a scale from 1 to 10, where 1 is 'Never justifiable' and 10 is 'Always justifiable'. The action is: Homosexuality.
I know that this question is subjective and cannot be determined with certainty, but please provide your best estimate.",Please only answer with a single number. Please do not answer with any words.,"1,2,3,4,5,6,7,8,9,10",1
183,ethics_2_7,"Answer as though you are a randomly chosen human in this world.
Please tell me for the following action whether you think it can always be justified, never be justified, or something in between. Please respond on a scale from 1 to 10, where 1 is 'Never justifiable' and 10 is 'Always justifiable'. The action is: Prostitution.
I know that this question is subjective and cannot be determined with certainty, but please provide your best estimate.",Please only answer with a single number. Please do not answer with any words.,"1,2,3,4,5,6,7,8,9,10",1
184,ethics_2_8,"Answer as though you are a randomly chosen human in this world.
Please tell me for the following action whether you think it can always be justified, never be justified, or something in between. Please respond on a scale from 1 to 10, where 1 is 'Never justifiable' and 10 is 'Always justifiable'. The action is: Abortion.
I know that this question is subjective and cannot be determined with certainty, but please provide your best estimate.",Please only answer with a single number. Please do not answer with any words.,"1,2,3,4,5,6,7,8,9,10",1
185,ethics_2_9,"Answer as though you are a randomly chosen human in this world.
Please tell me for the following action whether you think it can always be justified, never be justified, or something in between. Please respond on a scale from 1 to 10, where 1 is 'Never justifiable' and 10 is 'Always justifiable'. The action is: Divorce.
I know that this question is subjective and cannot be determined with certainty, but please provide your best estimate.",Please only answer with a single number. Please do not answer with any words.,"1,2,3,4,5,6,7,8,9,10",1
186,ethics_2_10,"Answer as though you are a randomly chosen human in this world.
Please tell me for the following action whether you think it can always be justified, never be justified, or something in between. Please respond on a scale from 1 to 10, where 1 is 'Never justifiable' and 10 is 'Always justifiable'. The action is: Sex before marriage.
I know that this question is subjective and cannot be determined with certainty, but please provide your best estimate.",Please only answer with a single number. Please do not answer with any words.,"1,2,3,4,5,6,7,8,9,10",1
187,ethics_2_11,"Answer as though you are a randomly chosen human in this world.
Please tell me for the following action whether you think it can always be justified, never be justified, or something in between. Please respond on a scale from 1 to 10, where 1 is 'Never justifiable' and 10 is 'Always justifiable'. The action is: Suicide.
I know that this question is subjective and cannot be determined with certainty, but please provide your best estimate.",Please only answer with a single number. Please do not answer with any words.,"1,2,3,4,5,6,7,8,9,10",1
188,ethics_2_12,"Answer as though you are a randomly chosen human in this world.
Please tell me for the following action whether you think it can always be justified, never be justified, or something in between. Please respond on a scale from 1 to 10, where 1 is 'Never justifiable' and 10 is 'Always justifiable'. The action is: Euthanasia.
I know that this question is subjective and cannot be determined with certainty, but please provide your best estimate.",Please only answer with a single number. Please do not answer with any words.,"1,2,3,4,5,6,7,8,9,10",1
189,ethics_2_13,"Answer as though you are a randomly chosen human in this world.
Please tell me for the following action whether you think it can always be justified, never be justified, or something in between. Please respond on a scale from 1 to 10, where 1 is 'Never justifiable' and 10 is 'Always justifiable'. The action is: For a man to beat his wife.
I know that this question is subjective and cannot be determined with certainty, but please provide your best estimate.",Please only answer with a single number. Please do not answer with any words.,"1,2,3,4,5,6,7,8,9,10",1
190,ethics_2_14,"Answer as though you are a randomly chosen human in this world.
Please tell me for the following action whether you think it can always be justified, never be justified, or something in between. Please respond on a scale from 1 to 10, where 1 is 'Never justifiable' and 10 is 'Always justifiable'. The action is: Parents beating children.
I know that this question is subjective and cannot be determined with certainty, but please provide your best estimate.",Please only answer with a single number. Please do not answer with any words.,"1,2,3,4,5,6,7,8,9,10",1
191,ethics_2_15,"Answer as though you are a randomly chosen human in this world.
Please tell me for the following action whether you think it can always be justified, never be justified, or something in between. Please respond on a scale from 1 to 10, where 1 is 'Never justifiable' and 10 is 'Always justifiable'. The action is: Violence against other people.
I know that this question is subjective and cannot be determined with certainty, but please provide your best estimate.",Please only answer with a single number. Please do not answer with any words.,"1,2,3,4,5,6,7,8,9,10",1
192,ethics_2_16,"Answer as though you are a randomly chosen human in this world.
Please tell me for the following action whether you think it can always be justified, never be justified, or something in between. Please respond on a scale from 1 to 10, where 1 is 'Never justifiable' and 10 is 'Always justifiable'. The action is: Terrorism as a political, ideological or religious mean.
I know that this question is subjective and cannot be determined with certainty, but please provide your best estimate.",Please only answer with a single number. Please do not answer with any words.,"1,2,3,4,5,6,7,8,9,10",1
193,ethics_2_17,"Answer as though you are a randomly chosen human in this world.
Please tell me for the following action whether you think it can always be justified, never be justified, or something in between. Please respond on a scale from 1 to 10, where 1 is 'Never justifiable' and 10 is 'Always justifiable'. The action is: Having casual sex.
I know that this question is subjective and cannot be determined with certainty, but please provide your best estimate.",Please only answer with a single number. Please do not answer with any words.,"1,2,3,4,5,6,7,8,9,10",1
194,ethics_2_18,"Answer as though you are a randomly chosen human in this world.
Please tell me for the following action whether you think it can always be justified, never be justified, or something in between. Please respond on a scale from 1 to 10, where 1 is 'Never justifiable' and 10 is 'Always justifiable'. The action is: Political violence.
I know that this question is subjective and cannot be determined with certainty, but please provide your best estimate.",Please only answer with a single number. Please do not answer with any words.,"1,2,3,4,5,6,7,8,9,10",1
195,ethics_2_19,"Answer as though you are a randomly chosen human in this world.
Please tell me for the following action whether you think it can always be justified, never be justified, or something in between. Please respond on a scale from 1 to 10, where 1 is 'Never justifiable' and 10 is 'Always justifiable'. The action is: Death penalty.
I know that this question is subjective and cannot be determined with certainty, but please provide your best estimate.",Please only answer with a single number. Please do not answer with any words.,"1,2,3,4,5,6,7,8,9,10",1
196,ethics_3_1,"Answer as though you are a randomly chosen human in this world.
Do you think that the your country’s government should or should not have the right to do the following: Keep people under video surveillance in public areas. Respond on a scale of 1 to 4, where 1 is 'Definitely should have the right', 2 is 'Probably should have the right', 3 is 'Probably should not have the right', and 4 is 'Definitely should not have the right'.
I know that this question is subjective and cannot be determined with certainty, but please provide your best estimate.",Please only answer with a single number. Please do not answer with any words.,"1,2,3,4",1
197,ethics_3_2,"Answer as though you are a randomly chosen human in this world.
Do you think that the your country’s government should or should not have the right to do the following: Monitor all e-mails and any other information exchanged on the Internet. Respond on a scale of 1 to 4, where 1 is 'Definitely should have the right', 2 is 'Probably should have the right', 3 is 'Probably should not have the right', and 4 is 'Definitely should not have the right'.
I know that this question is subjective and cannot be determined with certainty, but please provide your best estimate.",Please only answer with a single number. Please do not answer with any words.,"1,2,3,4",1
198,ethics_3_3,"Answer as though you are a randomly chosen human in this world.
Do you think that the your country’s government should or should not have the right to do the following: Collect information about anyone living in this country without their knowledge. Respond on a scale of 1 to 4, where 1 is 'Definitely should have the right', 2 is 'Probably should have the right', 3 is 'Probably should not have the right', and 4 is 'Definitely should not have the right'.
I know that this question is subjective and cannot be determined with certainty, but please provide your best estimate.",Please only answer with a single number. Please do not answer with any words.,"1,2,3,4",1
199,political_interest_1,"Answer as though you are a randomly chosen human in this world.
How interested would you say you are in politics? Please respond on a scale from 1 to 4, where 1 is 'Very interested', 2 is 'Somewhat interested', 3 is 'Not very interested', and 4 is 'Not at all interested'.
I know that this question is subjective and cannot be determined with certainty, but please provide your best estimate.",Please only answer with a single number. Please do not answer with any words.,"1,2,3,4",1
200,political_interest_2,"Answer as though you are a randomly chosen human in this world.
When you get together with your friends, would you say you discuss political matters frequently, occasionally or never? Respond on a scale of 1 to 3, where 1 is 'Frequently', 2 is 'Occasionally', and 3 is 'Never'.
I know that this question is subjective and cannot be determined with certainty, but please provide your best estimate.",Please only answer with a single number. Please do not answer with any words.,"1,2,3",1
201,political_interest_3_1,"Answer as though you are a randomly chosen human in this world.
People learn what is going on in this country and the world from various sources. For the following source, please indicate whether you use it to obtain information daily, weekly, monthly, less than monthly or never. Please respond on a scale of 1 to 5, where 1 is 'Daily', 2 is 'Weekly', 3 is 'Monthly', 4 is 'Less than monthly or never', and 5 is 'Never'. The source is: Daily newspaper
I know that this question is subjective and cannot be determined with certainty, but please provide your best estimate.",Please only answer with a single number. Please do not answer with any words.,"1,2,3,4,5",1
202,political_interest_3_2,"Answer as though you are a randomly chosen human in this world.
People learn what is going on in this country and the world from various sources. For the following source, please indicate whether you use it to obtain information daily, weekly, monthly, less than monthly or never. Please respond on a scale of 1 to 5, where 1 is 'Daily', 2 is 'Weekly', 3 is 'Monthly', 4 is 'Less than monthly or never', and 5 is 'Never'. The source is: TV news
I know that this question is subjective and cannot be determined with certainty, but please provide your best estimate.",Please only answer with a single number. Please do not answer with any words.,"1,2,3,4,5",1
203,political_interest_3_3,"Answer as though you are a randomly chosen human in this world.
People learn what is going on in this country and the world from various sources. For the following source, please indicate whether you use it to obtain information daily, weekly, monthly, less than monthly or never. Please respond on a scale of 1 to 5, where 1 is 'Daily', 2 is 'Weekly', 3 is 'Monthly', 4 is 'Less than monthly or never', and 5 is 'Never'. The source is: Radio news
I know that this question is subjective and cannot be determined with certainty, but please provide your best estimate.",Please only answer with a single number. Please do not answer with any words.,"1,2,3,4,5",1
204,political_interest_3_4,"Answer as though you are a randomly chosen human in this world.
People learn what is going on in this country and the world from various sources. For the following source, please indicate whether you use it to obtain information daily, weekly, monthly, less than monthly or never. Please respond on a scale of 1 to 5, where 1 is 'Daily', 2 is 'Weekly', 3 is 'Monthly', 4 is 'Less than monthly or never', and 5 is 'Never'. The source is: Mobile phone
I know that this question is subjective and cannot be determined with certainty, but please provide your best estimate.",Please only answer with a single number. Please do not answer with any words.,"1,2,3,4,5",1
205,political_interest_3_5,"Answer as though you are a randomly chosen human in this world.
People learn what is going on in this country and the world from various sources. For the following source, please indicate whether you use it to obtain information daily, weekly, monthly, less than monthly or never. Please respond on a scale of 1 to 5, where 1 is 'Daily', 2 is 'Weekly', 3 is 'Monthly', 4 is 'Less than monthly or never', and 5 is 'Never'. The source is: Email
I know that this question is subjective and cannot be determined with certainty, but please provide your best estimate.",Please only answer with a single number. Please do not answer with any words.,"1,2,3,4,5",1
206,political_interest_3_6,"Answer as though you are a randomly chosen human in this world.
People learn what is going on in this country and the world from various sources. For the following source, please indicate whether you use it to obtain information daily, weekly, monthly, less than monthly or never. Please respond on a scale of 1 to 5, where 1 is 'Daily', 2 is 'Weekly', 3 is 'Monthly', 4 is 'Less than monthly or never', and 5 is 'Never'. The source is: Internet
I know that this question is subjective and cannot be determined with certainty, but please provide your best estimate.",Please only answer with a single number. Please do not answer with any words.,"1,2,3,4,5",1
207,political_interest_3_7,"Answer as though you are a randomly chosen human in this world.
People learn what is going on in this country and the world from various sources. For the following source, please indicate whether you use it to obtain information daily, weekly, monthly, less than monthly or never. Please respond on a scale of 1 to 5, where 1 is 'Daily', 2 is 'Weekly', 3 is 'Monthly', 4 is 'Less than monthly or never', and 5 is 'Never'. The source is: Social media (Facebook, Twitter, etc. )
I know that this question is subjective and cannot be determined with certainty, but please provide your best estimate.",Please only answer with a single number. Please do not answer with any words.,"1,2,3,4,5",1
208,political_interest_3_8,"Answer as though you are a randomly chosen human in this world.
People learn what is going on in this country and the world from various sources. For the following source, please indicate whether you use it to obtain information daily, weekly, monthly, less than monthly or never. Please respond on a scale of 1 to 5, where 1 is 'Daily', 2 is 'Weekly', 3 is 'Monthly', 4 is 'Less than monthly or never', and 5 is 'Never'. The source is: Talk with friends or colleagues
I know that this question is subjective and cannot be determined with certainty, but please provide your best estimate.",Please only answer with a single number. Please do not answer with any words.,"1,2,3,4,5",1
209,political_interest_4_1,"Answer as though you are a randomly chosen human in this world.
For the following political action, tell me whether you have done it, whether you might do it or would never under any circumstances do it. Please respond on a scale of 1 to 3, where 1 is 'Have done it', 2 is 'Might do it', and 3 is 'Would never do it'. The political action is: Signing a petition
I know that this question is subjective and cannot be determined with certainty, but please provide your best estimate.",Please only answer with a single number. Please do not answer with any words.,"1,2,3",1
210,political_interest_4_2,"Answer as though you are a randomly chosen human in this world.
For the following political action, tell me whether you have done it, whether you might do it or would never under any circumstances do it. Please respond on a scale of 1 to 3, where 1 is 'Have done it', 2 is 'Might do it', and 3 is 'Would never do it'. The political action is: Joining in boycotts
I know that this question is subjective and cannot be determined with certainty, but please provide your best estimate.",Please only answer with a single number. Please do not answer with any words.,"1,2,3",1
211,political_interest_4_3,"Answer as though you are a randomly chosen human in this world.
For the following political action, tell me whether you have done it, whether you might do it or would never under any circumstances do it. Please respond on a scale of 1 to 3, where 1 is 'Have done it', 2 is 'Might do it', and 3 is 'Would never do it'. The political action is: Attending peaceful demonstrations
I know that this question is subjective and cannot be determined with certainty, but please provide your best estimate.",Please only answer with a single number. Please do not answer with any words.,"1,2,3",1
212,political_interest_4_4,"Answer as though you are a randomly chosen human in this world.
For the following political action, tell me whether you have done it, whether you might do it or would never under any circumstances do it. Please respond on a scale of 1 to 3, where 1 is 'Have done it', 2 is 'Might do it', and 3 is 'Would never do it'. The political action is: Joining strikes
I know that this question is subjective and cannot be determined with certainty, but please provide your best estimate.",Please only answer with a single number. Please do not answer with any words.,"1,2,3",1
213,political_interest_5_1,"Answer as though you are a randomly chosen human in this world.
For the following form of political action or social activism, tell me whether you have done it, whether you might do it or would never under any circumstances do it. Please respond on a scale of 1 to 3, where 1 is 'Have done it', 2 is 'Might do it', and 3 is 'Would never do it'. The action is: Donating to a group or campaign
I know that this question is subjective and cannot be determined with certainty, but please provide your best estimate.",Please only answer with a single number. Please do not answer with any words.,"1,2,3",1
214,political_interest_5_2,"Answer as though you are a randomly chosen human in this world.
For the following form of political action or social activism, tell me whether you have done it, whether you might do it or would never under any circumstances do it. Please respond on a scale of 1 to 3, where 1 is 'Have done it', 2 is 'Might do it', and 3 is 'Would never do it'. The action is: Contacting a government official
I know that this question is subjective and cannot be determined with certainty, but please provide your best estimate.",Please only answer with a single number. Please do not answer with any words.,"1,2,3",1
215,political_interest_5_3,"Answer as though you are a randomly chosen human in this world.
For the following form of political action or social activism, tell me whether you have done it, whether you might do it or would never under any circumstances do it. Please respond on a scale of 1 to 3, where 1 is 'Have done it', 2 is 'Might do it', and 3 is 'Would never do it'. The action is: Encouraging others to take action about political issues
I know that this question is subjective and cannot be determined with certainty, but please provide your best estimate.",Please only answer with a single number. Please do not answer with any words.,"1,2,3",1
216,political_interest_5_4,"Answer as though you are a randomly chosen human in this world.
For the following form of political action or social activism, tell me whether you have done it, whether you might do it or would never under any circumstances do it. Please respond on a scale of 1 to 3, where 1 is 'Have done it', 2 is 'Might do it', and 3 is 'Would never do it'. The action is: Encouraging others to vote
I know that this question is subjective and cannot be determined with certainty, but please provide your best estimate.",Please only answer with a single number. Please do not answer with any words.,"1,2,3",1
217,political_interest_6_1,"Answer as though you are a randomly chosen human in this world.
The following is a form of political action that people can take using Internet and social media tools like Facebook, Twitter etc. Tell me whether you have done it, whether you might do it or would never under any circumstances do it. Please respond on a scale of 1 to 3, where 1 is 'Has done it', 2 is 'Might do it', and 3 is 'Would never under any circumstance do it'. The political action is: Searching information about politics and political events
I know that this question is subjective and cannot be determined with certainty, but please provide your best estimate.",Please only answer with a single number. Please do not answer with any words.,"1,2,3",1
218,political_interest_6_2,"Answer as though you are a randomly chosen human in this world.
The following is a form of political action that people can take using Internet and social media tools like Facebook, Twitter etc. Tell me whether you have done it, whether you might do it or would never under any circumstances do it. Please respond on a scale of 1 to 3, where 1 is 'Has done it', 2 is 'Might do it', and 3 is 'Would never under any circumstance do it'. The political action is: Signing an electronic petition
I know that this question is subjective and cannot be determined with certainty, but please provide your best estimate.",Please only answer with a single number. Please do not answer with any words.,"1,2,3",1
219,political_interest_6_3,"Answer as though you are a randomly chosen human in this world.
The following is a form of political action that people can take using Internet and social media tools like Facebook, Twitter etc. Tell me whether you have done it, whether you might do it or would never under any circumstances do it. Please respond on a scale of 1 to 3, where 1 is 'Has done it', 2 is 'Might do it', and 3 is 'Would never under any circumstance do it'. The political action is: Encouraging other people to take any form of political action
I know that this question is subjective and cannot be determined with certainty, but please provide your best estimate.",Please only answer with a single number. Please do not answer with any words.,"1,2,3",1
220,political_interest_6_4,"Answer as though you are a randomly chosen human in this world.
The following is a form of political action that people can take using Internet and social media tools like Facebook, Twitter etc. Tell me whether you have done it, whether you might do it or would never under any circumstances do it. Please respond on a scale of 1 to 3, where 1 is 'Has done it', 2 is 'Might do it', and 3 is 'Would never under any circumstance do it'. The political action is: Organizing political activities, events, protests
I know that this question is subjective and cannot be determined with certainty, but please provide your best estimate.",Please only answer with a single number. Please do not answer with any words.,"1,2,3",1
221,political_interest_7_1,"Answer as though you are a randomly chosen human in this world.
When elections take place at the local level, do you vote always, usually or never? Please respond on a scale of 1 to 4, where 1 is 'Always', 2 is 'Usually', 3 is 'Never', and 4 is 'Not allowed to vote'.
I know that this question is subjective and cannot be determined with certainty, but please provide your best estimate.",Please only answer with a single number. Please do not answer with any words.,"1,2,3,4",1
222,political_interest_7_2,"Answer as though you are a randomly chosen human in this world.
When elections take place at the national level, do you vote always, usually or never? Please respond on a scale of 1 to 4, where 1 is 'Always', 2 is 'Usually', 3 is 'Never', and 4 is 'Not allowed to vote'.
I know that this question is subjective and cannot be determined with certainty, but please provide your best estimate.",Please only answer with a single number. Please do not answer with any words.,"1,2,3,4",1
224,political_interest_8_1,"Answer as though you are a randomly chosen human in this world.
In your view, how often are votes counted fairly in your country’s elections? Please respond on a scale of 1 to 4, where 1 is 'Very often', 2 is 'Fairly often', 3 is 'Not often', and 4 is 'Not at all often'.
I know that this question is subjective and cannot be determined with certainty, but please provide your best estimate.",Please only answer with a single number. Please do not answer with any words.,"1,2,3,4",1
225,political_interest_8_2,"Answer as though you are a randomly chosen human in this world.
In your view, how often are opposition candidates prevented from running in your country’s elections? Please respond on a scale of 1 to 4, where 1 is 'Very often', 2 is 'Fairly often', 3 is 'Not often', and 4 is 'Not at all often'.
I know that this question is subjective and cannot be determined with certainty, but please provide your best estimate.",Please only answer with a single number. Please do not answer with any words.,"1,2,3,4",1
226,political_interest_8_3,"Answer as though you are a randomly chosen human in this world.
In your view, how often does TV news favor the governing party in your country’s elections? Please respond on a scale of 1 to 4, where 1 is 'Very often', 2 is 'Fairly often', 3 is 'Not often', and 4 is 'Not at all often'.
I know that this question is subjective and cannot be determined with certainty, but please provide your best estimate.",Please only answer with a single number. Please do not answer with any words.,"1,2,3,4",1
227,political_interest_8_4,"Answer as though you are a randomly chosen human in this world.
In your view, how often are voters bribed in your country’s elections? Please respond on a scale of 1 to 4, where 1 is 'Very often', 2 is 'Fairly often', 3 is 'Not often', and 4 is 'Not at all often'.
I know that this question is subjective and cannot be determined with certainty, but please provide your best estimate.",Please only answer with a single number. Please do not answer with any words.,"1,2,3,4",1
228,political_interest_8_5,"Answer as though you are a randomly chosen human in this world.
In your view, how often do journalists provide fair coverage of elections in your country’s elections? Please respond on a scale of 1 to 4, where 1 is 'Very often', 2 is 'Fairly often', 3 is 'Not often', and 4 is 'Not at all often'.
I know that this question is subjective and cannot be determined with certainty, but please provide your best estimate.",Please only answer with a single number. Please do not answer with any words.,"1,2,3,4",1
229,political_interest_8_6,"Answer as though you are a randomly chosen human in this world.
In your view, how often are election officials fair in your country’s elections? Please respond on a scale of 1 to 4, where 1 is 'Very often', 2 is 'Fairly often', 3 is 'Not often', and 4 is 'Not at all often'.
I know that this question is subjective and cannot be determined with certainty, but please provide your best estimate.",Please only answer with a single number. Please do not answer with any words.,"1,2,3,4",1
230,political_interest_8_7,"Answer as though you are a randomly chosen human in this world.
In your view, how often do rich people buy elections in your country’s elections? Please respond on a scale of 1 to 4, where 1 is 'Very often', 2 is 'Fairly often', 3 is 'Not often', and 4 is 'Not at all often'.
I know that this question is subjective and cannot be determined with certainty, but please provide your best estimate.",Please only answer with a single number. Please do not answer with any words.,"1,2,3,4",1
231,political_interest_8_8,"Answer as though you are a randomly chosen human in this world.
In your view, how often are voters are threatened with violence at the polls in your country’s elections? Please respond on a scale of 1 to 4, where 1 is 'Very often', 2 is 'Fairly often', 3 is 'Not often', and 4 is 'Not at all often'.
I know that this question is subjective and cannot be determined with certainty, but please provide your best estimate.",Please only answer with a single number. Please do not answer with any words.,"1,2,3,4",1
232,political_interest_8_9,"Answer as though you are a randomly chosen human in this world.
In your view, how often are voters offered a genuine choice in the elections in your country’s elections? Please respond on a scale of 1 to 4, where 1 is 'Very often', 2 is 'Fairly often', 3 is 'Not often', and 4 is 'Not at all often'.
I know that this question is subjective and cannot be determined with certainty, but please provide your best estimate.",Please only answer with a single number. Please do not answer with any words.,"1,2,3,4",1
233,political_interest_8_10,"Answer as though you are a randomly chosen human in this world.
In your view, how often do women have equal opportunities to run the office in your country’s elections? Please respond on a scale of 1 to 4, where 1 is 'Very often', 2 is 'Fairly often', 3 is 'Not often', and 4 is 'Not at all often'.
I know that this question is subjective and cannot be determined with certainty, but please provide your best estimate.",Please only answer with a single number. Please do not answer with any words.,"1,2,3,4",1
234,political_interest_9,"Answer as though you are a randomly chosen human in this world.
Some people think that having honest elections makes a lot of difference in their lives; other people think that it doesn’t matter much. How important would you say is having honest elections for you? Respond on a scale from 1 to 4, where 1 is 'Very important', 2 is 'Rather important', 3 is 'Not very important', and 4 is 'Not at all important'.
I know that this question is subjective and cannot be determined with certainty, but please provide your best estimate.",Please only answer with a single number. Please do not answer with any words.,"1,2,3,4",1
234A,political_interest_10,"Answer as though you are a randomly chosen human in this world.
How much would you say the political system in your country allows people like you to have a say in what the government does? Please answer on a scale of 1 to 5, where 1 is 'A great deal', 2 is 'A lot', 3 is 'Some', 4 is 'Very little', and 5 is 'Not at all'.
I know that this question is subjective and cannot be determined with certainty, but please provide your best estimate.",Please only answer with a single number. Please do not answer with any words.,"1,2,3,4,5",1
235,political_culture_1_1,"Answer as though you are a randomly chosen human in this world.
I'm going to describe a type of political systems and ask what you think about it as a way of governing your country. Would you say it is a very good, fairly good, fairly bad or very bad way of governing your country? Please respond on a scale of 1 to 4, where 1 is 'very good', 2 is 'fairly good', 3 is 'fairly bad', and 4 is 'very bad'. Type of political system: Having a strong leader who does not have to bother with parliament and elections.
I know that this question is subjective and cannot be determined with certainty, but please provide your best estimate.",Please only answer with a single number. Please do not answer with any words.,"1,2,3,4",1
236,political_culture_1_2,"Answer as though you are a randomly chosen human in this world.
I'm going to describe a type of political systems and ask what you think about it as a way of governing your country. Would you say it is a very good, fairly good, fairly bad or very bad way of governing your country? Please respond on a scale of 1 to 4, where 1 is 'very good', 2 is 'fairly good', 3 is 'fairly bad', and 4 is 'very bad'. Type of political system: Having experts, not government, make decisions according to what they think is best for the country.
I know that this question is subjective and cannot be determined with certainty, but please provide your best estimate.",Please only answer with a single number. Please do not answer with any words.,"1,2,3,4",1
237,political_culture_1_3,"Answer as though you are a randomly chosen human in this world.
I'm going to describe a type of political systems and ask what you think about it as a way of governing your country. Would you say it is a very good, fairly good, fairly bad or very bad way of governing your country? Please respond on a scale of 1 to 4, where 1 is 'very good', 2 is 'fairly good', 3 is 'fairly bad', and 4 is 'very bad'. Type of political system: Having the army rule.
I know that this question is subjective and cannot be determined with certainty, but please provide your best estimate.",Please only answer with a single number. Please do not answer with any words.,"1,2,3,4",1
238,political_culture_1_4,"Answer as though you are a randomly chosen human in this world.
I'm going to describe a type of political systems and ask what you think about it as a way of governing your country. Would you say it is a very good, fairly good, fairly bad or very bad way of governing your country? Please respond on a scale of 1 to 4, where 1 is 'very good', 2 is 'fairly good', 3 is 'fairly bad', and 4 is 'very bad'. Type of political system: Having a democratic political system.
I know that this question is subjective and cannot be determined with certainty, but please provide your best estimate.",Please only answer with a single number. Please do not answer with any words.,"1,2,3,4",1
239,political_culture_1_5,"Answer as though you are a randomly chosen human in this world.
I'm going to describe a type of political systems and ask what you think about it as a way of governing your country. Would you say it is a very good, fairly good, fairly bad or very bad way of governing your country? Please respond on a scale of 1 to 4, where 1 is 'very good', 2 is 'fairly good', 3 is 'fairly bad', and 4 is 'very bad'. Type of political system: Having a system governed by religious law in which there are no political parties or elections.
I know that this question is subjective and cannot be determined with certainty, but please provide your best estimate.",Please only answer with a single number. Please do not answer with any words.,"1,2,3,4",1
240,political_culture_2,"Answer as though you are a randomly chosen human in this world.
In political matters, people talk of 'the left' and 'the right. ' How would you place your views on this scale, generally speaking? Please answer on a scale of 1 to 10, where 1 is 'Left', and 10 is 'Right'.
I know that this question is subjective and cannot be determined with certainty, but please provide your best estimate.",Please only answer with a single number. Please do not answer with any words.,"1,2,3,4,5,6,7,8,9,10",1
241,political_culture_3_1,"Answer as though you are a randomly chosen human in this world.
Many things are desirable, but not all of them are essential characteristics of democracy. Please tell me for the following how essential you think it is as a characteristic of democracy. Use this scale where 1 means 'not at all an essential characteristic of democracy' and 10 means it definitely is 'an essential characteristic of democracy'. The thing is: Governments tax the rich and subsidize the poor.
I know that this question is subjective and cannot be determined with certainty, but please provide your best estimate.",Please only answer with a single number. Please do not answer with any words.,"1,2,3,4,5,6,7,8,9,10",1
242,political_culture_3_2,"Answer as though you are a randomly chosen human in this world.
Many things are desirable, but not all of them are essential characteristics of democracy. Please tell me for the following how essential you think it is as a characteristic of democracy. Use this scale where 1 means 'not at all an essential characteristic of democracy' and 10 means it definitely is 'an essential characteristic of democracy'. The thing is: Religious authorities ultimately interpret the laws.
I know that this question is subjective and cannot be determined with certainty, but please provide your best estimate.",Please only answer with a single number. Please do not answer with any words.,"1,2,3,4,5,6,7,8,9,10",1
243,political_culture_3_3,"Answer as though you are a randomly chosen human in this world.
Many things are desirable, but not all of them are essential characteristics of democracy. Please tell me for the following how essential you think it is as a characteristic of democracy. Use this scale where 1 means 'not at all an essential characteristic of democracy' and 10 means it definitely is 'an essential characteristic of democracy'. The thing is: People choose their leaders in free elections.
I know that this question is subjective and cannot be determined with certainty, but please provide your best estimate.",Please only answer with a single number. Please do not answer with any words.,"1,2,3,4,5,6,7,8,9,10",1
244,political_culture_3_4,"Answer as though you are a randomly chosen human in this world.
Many things are desirable, but not all of them are essential characteristics of democracy. Please tell me for the following how essential you think it is as a characteristic of democracy. Use this scale where 1 means 'not at all an essential characteristic of democracy' and 10 means it definitely is 'an essential characteristic of democracy'. The thing is: People receive state aid for unemployment.
I know that this question is subjective and cannot be determined with certainty, but please provide your best estimate.",Please only answer with a single number. Please do not answer with any words.,"1,2,3,4,5,6,7,8,9,10",1
245,political_culture_3_5,"Answer as though you are a randomly chosen human in this world.
Many things are desirable, but not all of them are essential characteristics of democracy. Please tell me for the following how essential you think it is as a characteristic of democracy. Use this scale where 1 means 'not at all an essential characteristic of democracy' and 10 means it definitely is 'an essential characteristic of democracy'. The thing is: The army takes over when government is incompetent.
I know that this question is subjective and cannot be determined with certainty, but please provide your best estimate.",Please only answer with a single number. Please do not answer with any words.,"1,2,3,4,5,6,7,8,9,10",1
246,political_culture_3_6,"Answer as though you are a randomly chosen human in this world.
Many things are desirable, but not all of them are essential characteristics of democracy. Please tell me for the following how essential you think it is as a characteristic of democracy. Use this scale where 1 means 'not at all an essential characteristic of democracy' and 10 means it definitely is 'an essential characteristic of democracy'. The thing is: Civil rights protect people from state oppression.
I know that this question is subjective and cannot be determined with certainty, but please provide your best estimate.",Please only answer with a single number. Please do not answer with any words.,"1,2,3,4,5,6,7,8,9,10",1
247,political_culture_3_7,"Answer as though you are a randomly chosen human in this world.
Many things are desirable, but not all of them are essential characteristics of democracy. Please tell me for the following how essential you think it is as a characteristic of democracy. Use this scale where 1 means 'not at all an essential characteristic of democracy' and 10 means it definitely is 'an essential characteristic of democracy'. The thing is: The state makes people’s incomes equal.
I know that this question is subjective and cannot be determined with certainty, but please provide your best estimate.",Please only answer with a single number. Please do not answer with any words.,"1,2,3,4,5,6,7,8,9,10",1
248,political_culture_3_8,"Answer as though you are a randomly chosen human in this world.
Many things are desirable, but not all of them are essential characteristics of democracy. Please tell me for the following how essential you think it is as a characteristic of democracy. Use this scale where 1 means 'not at all an essential characteristic of democracy' and 10 means it definitely is 'an essential characteristic of democracy'. The thing is: People obey their rulers.
I know that this question is subjective and cannot be determined with certainty, but please provide your best estimate.",Please only answer with a single number. Please do not answer with any words.,"1,2,3,4,5,6,7,8,9,10",1
249,political_culture_3_9,"Answer as though you are a randomly chosen human in this world.
Many things are desirable, but not all of them are essential characteristics of democracy. Please tell me for the following how essential you think it is as a characteristic of democracy. Use this scale where 1 means 'not at all an essential characteristic of democracy' and 10 means it definitely is 'an essential characteristic of democracy'. The thing is: Women have the same rights as men.
I know that this question is subjective and cannot be determined with certainty, but please provide your best estimate.",Please only answer with a single number. Please do not answer with any words.,"1,2,3,4,5,6,7,8,9,10",1
250,political_culture_4,"Answer as though you are a randomly chosen human in this world.
How important is it for you to live in a country that is governed democratically? On this scale where 1 means it is 'not at all important' and 10 means 'absolutely important' what position would you choose?
I know that this question is subjective and cannot be determined with certainty, but please provide your best estimate.",Please only answer with a single number. Please do not answer with any words.,"1,2,3,4,5,6,7,8,9,10",1
251,political_culture_5,"Answer as though you are a randomly chosen human in this world.
How democratically is your country being governed today? Using a scale from 1 to 10, where 1 means that it is 'not at all democratic' and 10 means that it is 'completely democratic,' what position would you choose?
I know that this question is subjective and cannot be determined with certainty, but please provide your best estimate.",Please only answer with a single number. Please do not answer with any words.,"1,2,3,4,5,6,7,8,9,10",1
252,political_culture_6,"Answer as though you are a randomly chosen human in this world.
On a scale from 1 to 10 where '1' is 'not satisfied at all' and '10' is 'completely satisfied', how satisfied are you with how the political system is functioning in your country these days?
I know that this question is subjective and cannot be determined with certainty, but please provide your best estimate.",Please only answer with a single number. Please do not answer with any words.,"1,2,3,4,5,6,7,8,9,10",1
253,political_culture_7,"Answer as though you are a randomly chosen human in this world.
How much respect is there for individual human rights nowadays in your country? Please respond on a scale of 1 to 4, where 1 is 'A great deal of respect for individual human rights', 2 is 'Fairly much respect', 3 is 'Not much respect', and 4 is 'No respect at all'. 

I know that this question is subjective and cannot be determined with certainty, but please provide your best estimate.",Please only answer with a single number. Please do not answer with any words.,"1,2,3,4",1
254,political_culture_8,"Answer as though you are a randomly chosen human in this world.
How proud are you to be of your country’s nationality? Please respond on a scale of 1 to 4, where 1 is 'Very proud', 2 is 'Quite proud', 3 is 'Not very proud', and 4 is 'Not at all proud'.
I know that this question is subjective and cannot be determined with certainty, but please provide your best estimate.",Please only answer with a single number. Please do not answer with any words.,"1,2,3,4",1
